-- phpMyAdmin SQL Dump
-- version 5.2.1
-- https://www.phpmyadmin.net/
--
-- Hôte : 127.0.0.1
-- Généré le : mer. 07 jan. 2026 à 09:25
-- Version du serveur : 10.4.32-MariaDB
-- Version de PHP : 8.0.30

SET SQL_MODE = "NO_AUTO_VALUE_ON_ZERO";
START TRANSACTION;
SET time_zone = "+00:00";


/*!40101 SET @OLD_CHARACTER_SET_CLIENT=@@CHARACTER_SET_CLIENT */;
/*!40101 SET @OLD_CHARACTER_SET_RESULTS=@@CHARACTER_SET_RESULTS */;
/*!40101 SET @OLD_COLLATION_CONNECTION=@@COLLATION_CONNECTION */;
/*!40101 SET NAMES utf8mb4 */;

--
-- Base de données : `gestion_ecole`
--

-- --------------------------------------------------------

--
-- Structure de la table `annees_scolaires`
--

CREATE TABLE `annees_scolaires` (
  `id` int(11) NOT NULL,
  `libelle` varchar(20) NOT NULL,
  `active` tinyint(1) DEFAULT 0
) ENGINE=InnoDB DEFAULT CHARSET=utf8mb4 COLLATE=utf8mb4_general_ci;

--
-- Déchargement des données de la table `annees_scolaires`
--

INSERT INTO `annees_scolaires` (`id`, `libelle`, `active`) VALUES
(1, '2024-2025', 0),
(3, '2025-2026', 1);

-- --------------------------------------------------------

--
-- Structure de la table `classes`
--

CREATE TABLE `classes` (
  `id` int(11) NOT NULL,
  `nom_classe` varchar(20) NOT NULL
) ENGINE=InnoDB DEFAULT CHARSET=utf8mb4 COLLATE=utf8mb4_general_ci;

--
-- Déchargement des données de la table `classes`
--

INSERT INTO `classes` (`id`, `nom_classe`) VALUES
(8, '2nde F4'),
(9, 'Tle F4');

-- --------------------------------------------------------

--
-- Structure de la table `classe_matiere`
--

CREATE TABLE `classe_matiere` (
  `id` int(11) NOT NULL,
  `classe_id` int(11) NOT NULL,
  `matiere_id` int(11) NOT NULL,
  `coefficient` int(11) DEFAULT 1
) ENGINE=InnoDB DEFAULT CHARSET=utf8mb4 COLLATE=utf8mb4_general_ci;

--
-- Déchargement des données de la table `classe_matiere`
--

INSERT INTO `classe_matiere` (`id`, `classe_id`, `matiere_id`, `coefficient`) VALUES
(19, 8, 16, 2),
(20, 8, 17, 3),
(21, 8, 18, 3),
(22, 8, 19, 2),
(23, 8, 20, 4),
(24, 8, 21, 2),
(25, 8, 22, 2),
(26, 8, 23, 2),
(27, 8, 24, 2),
(28, 8, 25, 2),
(29, 8, 26, 2),
(30, 8, 27, 8),
(44, 8, 41, 1),
(50, 9, 16, 3),
(51, 9, 17, 3),
(52, 9, 18, 3),
(53, 9, 19, 2),
(54, 9, 20, 4),
(55, 9, 24, 2),
(63, 9, 41, 1),
(64, 9, 42, 3),
(65, 9, 43, 2),
(66, 9, 44, 2),
(67, 9, 45, 2);

-- --------------------------------------------------------

--
-- Structure de la table `eleves`
--

CREATE TABLE `eleves` (
  `id` int(11) NOT NULL,
  `matricule` varchar(30) DEFAULT NULL,
  `nom` varchar(50) DEFAULT NULL,
  `prenom` varchar(50) DEFAULT NULL,
  `classe_id` int(11) DEFAULT NULL,
  `date_naissance` date NOT NULL,
  `lieu_naissance` varchar(100) NOT NULL,
  `sexe` enum('M','F') NOT NULL
) ENGINE=InnoDB DEFAULT CHARSET=utf8mb4 COLLATE=utf8mb4_general_ci;

--
-- Déchargement des données de la table `eleves`
--

INSERT INTO `eleves` (`id`, `matricule`, `nom`, `prenom`, `classe_id`, `date_naissance`, `lieu_naissance`, `sexe`) VALUES
(5, 'MT001', 'DJEMEY', 'Joseph P.', 8, '2026-01-06', 'Cotonou', 'M'),
(6, 'MT002', 'GANDAHO', 'Prudence', 8, '2026-01-06', 'Cotonou', 'M'),
(7, 'MT003', 'LANKOUTIN', 'Josias', 8, '2026-01-06', 'Cotonou', 'M'),
(8, 'MT004', 'TAKOBODJOU', 'Pynhas', 8, '2026-01-06', 'Cotonou', 'M'),
(9, 'MT009', 'ADJALALA', 'Moufid', 9, '2007-01-12', 'Cotonou', 'M'),
(10, 'MT010', 'AGOKOU', 'Sylvain', 9, '2007-02-25', 'Cotonou', 'M'),
(11, 'MT011', 'ATROKPO', 'Charmel', 9, '2007-03-16', 'Cotonou', 'M'),
(12, 'MT012', 'BOBANI', 'Rosalesse', 9, '2007-04-03', 'Cotonou', 'M'),
(13, 'MT013', 'DJEKOUDJE', 'Mariam Prisca', 9, '2007-05-10', 'Cotonou', 'F'),
(14, 'MT014', 'HONFO', 'Noé', 9, '2007-06-18', 'Cotonou', 'M'),
(15, 'MT015', 'HOUESSINON', 'Hermione', 9, '2007-07-09', 'Cotonou', 'F'),
(16, 'MT016', 'IMOROU', 'Ramziath', 9, '2007-08-15', 'Cotonou', 'F'),
(17, 'MT017', 'KOKPON', 'Salimanth', 9, '2007-09-20', 'Cotonou', 'F'),
(18, 'MT018', 'KOUMADOLI', 'Fructueux', 9, '2007-10-30', 'Cotonou', 'M'),
(19, 'MT019', 'OGA', 'Steev', 9, '2007-11-12', 'Cotonou', 'M');

-- --------------------------------------------------------

--
-- Structure de la table `matieres`
--

CREATE TABLE `matieres` (
  `id` int(11) NOT NULL,
  `nom_matiere` varchar(50) DEFAULT NULL,
  `coefficient` int(11) DEFAULT 1
) ENGINE=InnoDB DEFAULT CHARSET=utf8mb4 COLLATE=utf8mb4_general_ci;

--
-- Déchargement des données de la table `matieres`
--

INSERT INTO `matieres` (`id`, `nom_matiere`, `coefficient`) VALUES
(16, 'Français', 3),
(17, 'Mathématiques', 3),
(18, 'PCT', 3),
(19, 'Anglais', 2),
(20, 'Dessin Technique', 4),
(21, 'Technologie de Construction', 2),
(22, 'Technologie de Matériel', 2),
(23, 'Maths Appliquées', 2),
(24, 'Avant-mètre et Prix', 2),
(25, 'Sols et Matériaux de Construction', 2),
(26, 'Statique Graphique', 2),
(27, 'Travaux Pratiques', 8),
(41, 'Conduite', 1),
(42, 'Projet d’Exploitation', 3),
(43, 'Résistance des Matériaux', 3),
(44, 'Béton Armé', 2),
(45, 'Procédés de Construction', 2);

-- --------------------------------------------------------

--
-- Structure de la table `notes`
--

CREATE TABLE `notes` (
  `id` int(11) NOT NULL,
  `eleve_id` int(11) NOT NULL,
  `matiere_id` int(11) NOT NULL,
  `type_note` enum('interro','mini_dev','dev_hebdo','compo') NOT NULL,
  `note` decimal(4,2) NOT NULL,
  `date_note` date DEFAULT NULL,
  `trimestre_id` int(11) DEFAULT NULL,
  `annee_id` int(11) DEFAULT NULL,
  `numero_interro` int(11) DEFAULT NULL
) ENGINE=InnoDB DEFAULT CHARSET=utf8mb4 COLLATE=utf8mb4_general_ci;

--
-- Déchargement des données de la table `notes`
--

INSERT INTO `notes` (`id`, `eleve_id`, `matiere_id`, `type_note`, `note`, `date_note`, `trimestre_id`, `annee_id`, `numero_interro`) VALUES
(43, 5, 18, 'interro', 7.00, '2026-01-07', 5, 3, 1),
(44, 5, 18, 'interro', 11.00, '2026-01-07', 5, 3, 2),
(45, 5, 18, 'dev_hebdo', 8.00, '2026-01-07', 5, 3, NULL),
(46, 5, 18, 'mini_dev', 6.00, '2026-01-07', 5, 3, NULL),
(47, 5, 18, 'compo', 8.00, '2026-01-07', 5, 3, NULL),
(48, 6, 18, 'interro', 6.00, '2026-01-07', 5, 3, 1),
(49, 6, 18, 'interro', 18.00, '2026-01-07', 5, 3, 2),
(50, 6, 18, 'dev_hebdo', 8.00, '2026-01-07', 5, 3, NULL),
(51, 6, 18, 'mini_dev', 11.50, '2026-01-07', 5, 3, NULL),
(52, 6, 18, 'compo', 9.00, '2026-01-07', 5, 3, NULL),
(53, 7, 18, 'interro', 11.00, '2026-01-07', 5, 3, 1),
(54, 7, 18, 'interro', 14.00, '2026-01-07', 5, 3, 2),
(55, 7, 18, 'dev_hebdo', 8.00, '2026-01-07', 5, 3, NULL),
(56, 7, 18, 'mini_dev', 15.50, '2026-01-07', 5, 3, NULL),
(57, 7, 18, 'compo', 10.00, '2026-01-07', 5, 3, NULL),
(58, 8, 18, 'interro', 19.00, '2026-01-07', 5, 3, 1),
(59, 8, 18, 'interro', 19.00, '2026-01-07', 5, 3, 2),
(60, 8, 18, 'dev_hebdo', 18.00, '2026-01-07', 5, 3, NULL),
(61, 8, 18, 'mini_dev', 16.50, '2026-01-07', 5, 3, NULL),
(62, 8, 18, 'compo', 14.00, '2026-01-07', 5, 3, NULL),
(63, 5, 26, 'interro', 8.00, '2026-01-07', 5, 3, 1),
(64, 5, 26, 'interro', 6.00, '2026-01-07', 5, 3, 2),
(65, 5, 26, 'interro', 20.00, '2026-01-07', 5, 3, 3),
(66, 5, 26, 'dev_hebdo', 10.25, '2026-01-07', 5, 3, NULL),
(67, 5, 26, 'mini_dev', 9.00, '2026-01-07', 5, 3, NULL),
(68, 5, 26, 'compo', 6.25, '2026-01-07', 5, 3, NULL),
(69, 6, 26, 'interro', 14.00, '2026-01-07', 5, 3, 1),
(70, 6, 26, 'interro', 18.00, '2026-01-07', 5, 3, 2),
(71, 6, 26, 'interro', 18.00, '2026-01-07', 5, 3, 3),
(72, 6, 26, 'dev_hebdo', 7.00, '2026-01-07', 5, 3, NULL),
(73, 6, 26, 'mini_dev', 10.00, '2026-01-07', 5, 3, NULL),
(74, 6, 26, 'compo', 7.50, '2026-01-07', 5, 3, NULL),
(75, 7, 26, 'interro', 20.00, '2026-01-07', 5, 3, 1),
(76, 7, 26, 'interro', 20.00, '2026-01-07', 5, 3, 2),
(77, 7, 26, 'interro', 18.00, '2026-01-07', 5, 3, 3),
(78, 7, 26, 'dev_hebdo', 10.75, '2026-01-07', 5, 3, NULL),
(79, 7, 26, 'mini_dev', 14.50, '2026-01-07', 5, 3, NULL),
(80, 7, 26, 'compo', 14.50, '2026-01-07', 5, 3, NULL),
(81, 8, 26, 'interro', 19.00, '2026-01-07', 5, 3, 1),
(82, 8, 26, 'interro', 20.00, '2026-01-07', 5, 3, 2),
(83, 8, 26, 'interro', 20.00, '2026-01-07', 5, 3, 3),
(84, 8, 26, 'dev_hebdo', 16.50, '2026-01-07', 5, 3, NULL),
(85, 8, 26, 'mini_dev', 16.00, '2026-01-07', 5, 3, NULL),
(86, 8, 26, 'compo', 18.00, '2026-01-07', 5, 3, NULL),
(87, 5, 25, 'interro', 12.00, '2026-01-07', 5, 3, 1),
(88, 5, 25, 'interro', 18.00, '2026-01-07', 5, 3, 2),
(89, 5, 25, 'interro', 19.00, '2026-01-07', 5, 3, 3),
(90, 5, 25, 'dev_hebdo', 13.75, '2026-01-07', 5, 3, NULL),
(91, 5, 25, 'mini_dev', 14.50, '2026-01-07', 5, 3, NULL),
(92, 5, 25, 'compo', 12.25, '2026-01-07', 5, 3, NULL),
(93, 6, 25, 'interro', 8.00, '2026-01-07', 5, 3, 1),
(94, 6, 25, 'interro', 14.00, '2026-01-07', 5, 3, 2),
(95, 6, 25, 'interro', 16.50, '2026-01-07', 5, 3, 3),
(96, 6, 25, 'dev_hebdo', 12.00, '2026-01-07', 5, 3, NULL),
(97, 6, 25, 'mini_dev', 15.00, '2026-01-07', 5, 3, NULL),
(98, 6, 25, 'compo', 10.00, '2026-01-07', 5, 3, NULL),
(99, 7, 25, 'interro', 18.00, '2026-01-07', 5, 3, 1),
(100, 7, 25, 'interro', 18.00, '2026-01-07', 5, 3, 2),
(101, 7, 25, 'interro', 12.00, '2026-01-07', 5, 3, 3),
(102, 7, 25, 'dev_hebdo', 16.50, '2026-01-07', 5, 3, NULL),
(103, 7, 25, 'mini_dev', 13.00, '2026-01-07', 5, 3, NULL),
(104, 7, 25, 'compo', 16.00, '2026-01-07', 5, 3, NULL),
(105, 8, 25, 'interro', 16.00, '2026-01-07', 5, 3, 1),
(106, 8, 25, 'interro', 18.00, '2026-01-07', 5, 3, 2),
(107, 8, 25, 'interro', 18.50, '2026-01-07', 5, 3, 3),
(108, 8, 25, 'dev_hebdo', 16.50, '2026-01-07', 5, 3, NULL),
(109, 8, 25, 'mini_dev', 17.00, '2026-01-07', 5, 3, NULL),
(110, 8, 25, 'compo', 17.50, '2026-01-07', 5, 3, NULL),
(111, 5, 16, 'interro', 9.00, '2026-01-07', 5, 3, 1),
(112, 5, 16, 'interro', 14.00, '2026-01-07', 5, 3, 2),
(113, 5, 16, 'dev_hebdo', 13.00, '2026-01-07', 5, 3, NULL),
(114, 5, 16, 'mini_dev', 8.00, '2026-01-07', 5, 3, NULL),
(115, 5, 16, 'compo', 8.00, '2026-01-07', 5, 3, NULL),
(116, 6, 16, 'interro', 8.00, '2026-01-07', 5, 3, 1),
(117, 6, 16, 'interro', 14.00, '2026-01-07', 5, 3, 2),
(118, 6, 16, 'dev_hebdo', 11.00, '2026-01-07', 5, 3, NULL),
(119, 6, 16, 'mini_dev', 8.00, '2026-01-07', 5, 3, NULL),
(120, 6, 16, 'compo', 4.00, '2026-01-07', 5, 3, NULL),
(121, 7, 16, 'interro', 8.00, '2026-01-07', 5, 3, 1),
(122, 7, 16, 'interro', 14.00, '2026-01-07', 5, 3, 2),
(123, 7, 16, 'dev_hebdo', 12.00, '2026-01-07', 5, 3, NULL),
(124, 7, 16, 'mini_dev', 11.00, '2026-01-07', 5, 3, NULL),
(125, 7, 16, 'compo', 10.00, '2026-01-07', 5, 3, NULL),
(126, 8, 16, 'interro', 14.00, '2026-01-07', 5, 3, 1),
(127, 8, 16, 'interro', 14.00, '2026-01-07', 5, 3, 2),
(128, 8, 16, 'dev_hebdo', 14.00, '2026-01-07', 5, 3, NULL),
(129, 8, 16, 'mini_dev', 13.00, '2026-01-07', 5, 3, NULL),
(130, 8, 16, 'compo', 16.00, '2026-01-07', 5, 3, NULL),
(131, 5, 23, 'interro', 13.00, '2026-01-07', 5, 3, 1),
(132, 5, 23, 'interro', 12.00, '2026-01-07', 5, 3, 2),
(133, 5, 23, 'dev_hebdo', 8.00, '2026-01-07', 5, 3, NULL),
(134, 5, 23, 'mini_dev', 7.00, '2026-01-07', 5, 3, NULL),
(135, 5, 23, 'compo', 13.00, '2026-01-07', 5, 3, NULL),
(136, 6, 23, 'interro', 10.00, '2026-01-07', 5, 3, 1),
(137, 6, 23, 'interro', 13.00, '2026-01-07', 5, 3, 2),
(138, 6, 23, 'dev_hebdo', 12.00, '2026-01-07', 5, 3, NULL),
(139, 6, 23, 'mini_dev', 8.00, '2026-01-07', 5, 3, NULL),
(140, 6, 23, 'compo', 13.00, '2026-01-07', 5, 3, NULL),
(141, 7, 23, 'interro', 17.00, '2026-01-07', 5, 3, 1),
(142, 7, 23, 'interro', 14.00, '2026-01-07', 5, 3, 2),
(143, 7, 23, 'dev_hebdo', 14.00, '2026-01-07', 5, 3, NULL),
(144, 7, 23, 'mini_dev', 10.00, '2026-01-07', 5, 3, NULL),
(145, 7, 23, 'compo', 18.00, '2026-01-07', 5, 3, NULL),
(146, 8, 23, 'interro', 20.00, '2026-01-07', 5, 3, 1),
(147, 8, 23, 'interro', 15.00, '2026-01-07', 5, 3, 2),
(148, 8, 23, 'dev_hebdo', 13.00, '2026-01-07', 5, 3, NULL),
(149, 8, 23, 'mini_dev', 13.00, '2026-01-07', 5, 3, NULL),
(150, 8, 23, 'compo', 16.00, '2026-01-07', 5, 3, NULL),
(151, 5, 24, 'interro', 11.00, '2026-01-07', 5, 3, 1),
(152, 5, 24, 'interro', 10.00, '2026-01-07', 5, 3, 2),
(153, 5, 24, 'dev_hebdo', 17.00, '2026-01-07', 5, 3, NULL),
(154, 5, 24, 'mini_dev', 12.00, '2026-01-07', 5, 3, NULL),
(155, 5, 24, 'compo', 14.00, '2026-01-07', 5, 3, NULL),
(156, 6, 24, 'interro', 12.00, '2026-01-07', 5, 3, 1),
(157, 6, 24, 'interro', 10.00, '2026-01-07', 5, 3, 2),
(158, 6, 24, 'dev_hebdo', 14.00, '2026-01-07', 5, 3, NULL),
(159, 6, 24, 'mini_dev', 14.00, '2026-01-07', 5, 3, NULL),
(160, 6, 24, 'compo', 12.00, '2026-01-07', 5, 3, NULL),
(161, 7, 24, 'interro', 14.00, '2026-01-07', 5, 3, 1),
(162, 7, 24, 'interro', 16.00, '2026-01-07', 5, 3, 2),
(163, 7, 24, 'dev_hebdo', 16.00, '2026-01-07', 5, 3, NULL),
(164, 7, 24, 'mini_dev', 15.00, '2026-01-07', 5, 3, NULL),
(165, 7, 24, 'compo', 15.00, '2026-01-07', 5, 3, NULL),
(166, 8, 24, 'interro', 16.00, '2026-01-07', 5, 3, 1),
(167, 8, 24, 'interro', 16.00, '2026-01-07', 5, 3, 2),
(168, 8, 24, 'dev_hebdo', 18.00, '2026-01-07', 5, 3, NULL),
(169, 8, 24, 'mini_dev', 15.00, '2026-01-07', 5, 3, NULL),
(170, 8, 24, 'compo', 17.00, '2026-01-07', 5, 3, NULL),
(171, 5, 21, 'interro', 18.00, '2026-01-07', 5, 3, 1),
(172, 5, 21, 'interro', 15.00, '2026-01-07', 5, 3, 2),
(173, 5, 21, 'interro', 18.50, '2026-01-07', 5, 3, 3),
(174, 5, 21, 'dev_hebdo', 19.00, '2026-01-07', 5, 3, NULL),
(175, 5, 21, 'mini_dev', 15.00, '2026-01-07', 5, 3, NULL),
(176, 5, 21, 'compo', 16.25, '2026-01-07', 5, 3, NULL),
(177, 6, 21, 'interro', 15.00, '2026-01-07', 5, 3, 1),
(178, 6, 21, 'interro', 14.50, '2026-01-07', 5, 3, 2),
(179, 6, 21, 'interro', 18.50, '2026-01-07', 5, 3, 3),
(180, 6, 21, 'dev_hebdo', 13.00, '2026-01-07', 5, 3, NULL),
(181, 6, 21, 'mini_dev', 13.00, '2026-01-07', 5, 3, NULL),
(182, 6, 21, 'compo', 11.50, '2026-01-07', 5, 3, NULL),
(183, 7, 21, 'interro', 18.00, '2026-01-07', 5, 3, 1),
(184, 7, 21, 'interro', 15.00, '2026-01-07', 5, 3, 2),
(185, 7, 21, 'interro', 15.50, '2026-01-07', 5, 3, 3),
(186, 7, 21, 'dev_hebdo', 17.00, '2026-01-07', 5, 3, NULL),
(187, 7, 21, 'mini_dev', 15.50, '2026-01-07', 5, 3, NULL),
(188, 7, 21, 'compo', 12.00, '2026-01-07', 5, 3, NULL),
(189, 8, 21, 'interro', 18.00, '2026-01-07', 5, 3, 1),
(190, 8, 21, 'interro', 19.00, '2026-01-07', 5, 3, 2),
(191, 8, 21, 'interro', 19.00, '2026-01-07', 5, 3, 3),
(192, 8, 21, 'dev_hebdo', 18.75, '2026-01-07', 5, 3, NULL),
(193, 8, 21, 'mini_dev', 20.00, '2026-01-07', 5, 3, NULL),
(194, 8, 21, 'compo', 17.00, '2026-01-07', 5, 3, NULL),
(195, 5, 22, 'interro', 9.00, '2026-01-07', 5, 3, 1),
(196, 5, 22, 'interro', 16.00, '2026-01-07', 5, 3, 2),
(197, 5, 22, 'interro', 20.00, '2026-01-07', 5, 3, 3),
(198, 5, 22, 'dev_hebdo', 18.50, '2026-01-07', 5, 3, NULL),
(199, 5, 22, 'mini_dev', 17.00, '2026-01-07', 5, 3, NULL),
(200, 5, 22, 'compo', 17.25, '2026-01-07', 5, 3, NULL),
(201, 6, 22, 'interro', 1.00, '2026-01-07', 5, 3, 1),
(202, 6, 22, 'interro', 10.00, '2026-01-07', 5, 3, 2),
(203, 6, 22, 'interro', 16.00, '2026-01-07', 5, 3, 3),
(204, 6, 22, 'dev_hebdo', 15.25, '2026-01-07', 5, 3, NULL),
(205, 6, 22, 'mini_dev', 15.00, '2026-01-07', 5, 3, NULL),
(206, 6, 22, 'compo', 17.00, '2026-01-07', 5, 3, NULL),
(207, 7, 22, 'interro', 16.00, '2026-01-07', 5, 3, 1),
(208, 7, 22, 'interro', 16.00, '2026-01-07', 5, 3, 2),
(209, 7, 22, 'interro', 16.00, '2026-01-07', 5, 3, 3),
(210, 7, 22, 'dev_hebdo', 18.00, '2026-01-07', 5, 3, NULL),
(211, 7, 22, 'mini_dev', 19.00, '2026-01-07', 5, 3, NULL),
(212, 7, 22, 'compo', 17.50, '2026-01-07', 5, 3, NULL),
(213, 8, 22, 'interro', 19.00, '2026-01-07', 5, 3, 1),
(214, 8, 22, 'interro', 15.00, '2026-01-07', 5, 3, 2),
(215, 8, 22, 'interro', 19.00, '2026-01-07', 5, 3, 3),
(216, 8, 22, 'dev_hebdo', 18.50, '2026-01-07', 5, 3, NULL),
(217, 8, 22, 'mini_dev', 17.50, '2026-01-07', 5, 3, NULL),
(218, 8, 22, 'compo', 19.00, '2026-01-07', 5, 3, NULL),
(219, 5, 20, 'interro', 14.00, '2026-01-07', 5, 3, 1),
(220, 5, 20, 'interro', 10.00, '2026-01-07', 5, 3, 2),
(221, 5, 20, 'interro', 12.00, '2026-01-07', 5, 3, 3),
(222, 5, 20, 'dev_hebdo', 14.00, '2026-01-07', 5, 3, NULL),
(223, 5, 20, 'mini_dev', 11.00, '2026-01-07', 5, 3, NULL),
(224, 5, 20, 'compo', 5.00, '2026-01-07', 5, 3, NULL),
(225, 6, 20, 'interro', 14.00, '2026-01-07', 5, 3, 1),
(226, 6, 20, 'interro', 13.00, '2026-01-07', 5, 3, 2),
(227, 6, 20, 'interro', 14.00, '2026-01-07', 5, 3, 3),
(228, 6, 20, 'dev_hebdo', 15.00, '2026-01-07', 5, 3, NULL),
(229, 6, 20, 'mini_dev', 13.00, '2026-01-07', 5, 3, NULL),
(230, 6, 20, 'compo', 12.00, '2026-01-07', 5, 3, NULL),
(231, 7, 20, 'interro', 13.00, '2026-01-07', 5, 3, 1),
(232, 7, 20, 'interro', 8.00, '2026-01-07', 5, 3, 2),
(233, 7, 20, 'interro', 16.50, '2026-01-07', 5, 3, 3),
(234, 7, 20, 'dev_hebdo', 13.00, '2026-01-07', 5, 3, NULL),
(235, 7, 20, 'mini_dev', 15.00, '2026-01-07', 5, 3, NULL),
(236, 7, 20, 'compo', 13.00, '2026-01-07', 5, 3, NULL),
(237, 8, 20, 'interro', 13.00, '2026-01-07', 5, 3, 1),
(238, 8, 20, 'interro', 15.00, '2026-01-07', 5, 3, 2),
(239, 8, 20, 'interro', 14.50, '2026-01-07', 5, 3, 3),
(240, 8, 20, 'dev_hebdo', 14.50, '2026-01-07', 5, 3, NULL),
(241, 8, 20, 'mini_dev', 14.00, '2026-01-07', 5, 3, NULL),
(242, 8, 20, 'compo', 15.50, '2026-01-07', 5, 3, NULL),
(243, 5, 27, 'interro', 8.00, '2026-01-07', 5, 3, 1),
(244, 5, 27, 'interro', 12.00, '2026-01-07', 5, 3, 2),
(245, 5, 27, 'interro', 14.00, '2026-01-07', 5, 3, 3),
(246, 5, 27, 'interro', 12.00, '2026-01-07', 5, 3, 4),
(247, 5, 27, 'dev_hebdo', 8.00, '2026-01-07', 5, 3, NULL),
(248, 5, 27, 'mini_dev', 8.00, '2026-01-07', 5, 3, NULL),
(249, 5, 27, 'compo', 10.00, '2026-01-07', 5, 3, NULL),
(250, 6, 27, 'interro', 2.50, '2026-01-07', 5, 3, 1),
(251, 6, 27, 'interro', 12.00, '2026-01-07', 5, 3, 2),
(252, 6, 27, 'interro', 14.00, '2026-01-07', 5, 3, 3),
(253, 6, 27, 'interro', 12.00, '2026-01-07', 5, 3, 4),
(254, 6, 27, 'dev_hebdo', 9.50, '2026-01-07', 5, 3, NULL),
(255, 6, 27, 'mini_dev', 10.50, '2026-01-07', 5, 3, NULL),
(256, 6, 27, 'compo', 10.00, '2026-01-07', 5, 3, NULL),
(257, 7, 27, 'interro', 12.00, '2026-01-07', 5, 3, 1),
(258, 7, 27, 'interro', 12.00, '2026-01-07', 5, 3, 2),
(259, 7, 27, 'interro', 14.00, '2026-01-07', 5, 3, 3),
(260, 7, 27, 'interro', 12.00, '2026-01-07', 5, 3, 4),
(261, 7, 27, 'dev_hebdo', 10.50, '2026-01-07', 5, 3, NULL),
(262, 7, 27, 'mini_dev', 11.50, '2026-01-07', 5, 3, NULL),
(263, 7, 27, 'compo', 13.00, '2026-01-07', 5, 3, NULL),
(264, 8, 27, 'interro', 18.00, '2026-01-07', 5, 3, 1),
(265, 8, 27, 'interro', 20.00, '2026-01-07', 5, 3, 2),
(266, 8, 27, 'interro', 14.00, '2026-01-07', 5, 3, 3),
(267, 8, 27, 'interro', 10.00, '2026-01-07', 5, 3, 4),
(268, 8, 27, 'dev_hebdo', 9.00, '2026-01-07', 5, 3, NULL),
(269, 8, 27, 'mini_dev', 12.00, '2026-01-07', 5, 3, NULL),
(270, 8, 27, 'compo', 13.50, '2026-01-07', 5, 3, NULL),
(271, 5, 17, 'interro', 2.75, '2026-01-07', 5, 3, 1),
(272, 5, 17, 'interro', 2.00, '2026-01-07', 5, 3, 2),
(273, 5, 17, 'interro', 2.00, '2026-01-07', 5, 3, 3),
(274, 5, 17, 'interro', 5.50, '2026-01-07', 5, 3, 4),
(275, 5, 17, 'dev_hebdo', 2.00, '2026-01-07', 5, 3, NULL),
(276, 5, 17, 'mini_dev', 2.50, '2026-01-07', 5, 3, NULL),
(277, 5, 17, 'compo', 9.50, '2026-01-07', 5, 3, NULL),
(278, 6, 17, 'interro', 4.00, '2026-01-07', 5, 3, 1),
(279, 6, 17, 'interro', 6.00, '2026-01-07', 5, 3, 2),
(280, 6, 17, 'interro', 2.00, '2026-01-07', 5, 3, 3),
(281, 6, 17, 'interro', 2.00, '2026-01-07', 5, 3, 4),
(282, 6, 17, 'dev_hebdo', 4.00, '2026-01-07', 5, 3, NULL),
(283, 6, 17, 'mini_dev', 4.00, '2026-01-07', 5, 3, NULL),
(284, 6, 17, 'compo', 12.50, '2026-01-07', 5, 3, NULL),
(285, 7, 17, 'interro', 4.00, '2026-01-07', 5, 3, 1),
(286, 7, 17, 'interro', 15.00, '2026-01-07', 5, 3, 2),
(287, 7, 17, 'interro', 2.00, '2026-01-07', 5, 3, 3),
(288, 7, 17, 'interro', 4.00, '2026-01-07', 5, 3, 4),
(289, 7, 17, 'dev_hebdo', 2.00, '2026-01-07', 5, 3, NULL),
(290, 7, 17, 'mini_dev', 14.00, '2026-01-07', 5, 3, NULL),
(291, 7, 17, 'compo', 15.00, '2026-01-07', 5, 3, NULL),
(292, 8, 17, 'interro', 12.50, '2026-01-07', 5, 3, 1),
(293, 8, 17, 'interro', 16.00, '2026-01-07', 5, 3, 2),
(294, 8, 17, 'interro', 17.00, '2026-01-07', 5, 3, 3),
(295, 8, 17, 'interro', 14.00, '2026-01-07', 5, 3, 4),
(296, 8, 17, 'dev_hebdo', 15.00, '2026-01-07', 5, 3, NULL),
(297, 8, 17, 'mini_dev', 13.00, '2026-01-07', 5, 3, NULL),
(298, 8, 17, 'compo', 12.00, '2026-01-07', 5, 3, NULL),
(299, 5, 19, 'interro', 2.00, '2026-01-07', 5, 3, 1),
(300, 5, 19, 'interro', 14.00, '2026-01-07', 5, 3, 2),
(301, 5, 19, 'dev_hebdo', 12.50, '2026-01-07', 5, 3, NULL),
(302, 5, 19, 'mini_dev', 9.00, '2026-01-07', 5, 3, NULL),
(303, 5, 19, 'compo', 10.00, '2026-01-07', 5, 3, NULL),
(304, 6, 19, 'interro', 12.00, '2026-01-07', 5, 3, 1),
(305, 6, 19, 'interro', 12.00, '2026-01-07', 5, 3, 2),
(306, 6, 19, 'dev_hebdo', 13.50, '2026-01-07', 5, 3, NULL),
(307, 6, 19, 'mini_dev', 8.00, '2026-01-07', 5, 3, NULL),
(308, 6, 19, 'compo', 11.00, '2026-01-07', 5, 3, NULL),
(309, 7, 19, 'interro', 12.50, '2026-01-07', 5, 3, 1),
(310, 7, 19, 'interro', 10.50, '2026-01-07', 5, 3, 2),
(311, 7, 19, 'dev_hebdo', 13.50, '2026-01-07', 5, 3, NULL),
(312, 7, 19, 'mini_dev', 15.00, '2026-01-07', 5, 3, NULL),
(313, 7, 19, 'compo', 14.75, '2026-01-07', 5, 3, NULL),
(314, 8, 19, 'interro', 12.50, '2026-01-07', 5, 3, 1),
(315, 8, 19, 'interro', 13.00, '2026-01-07', 5, 3, 2),
(316, 8, 19, 'dev_hebdo', 15.50, '2026-01-07', 5, 3, NULL),
(317, 8, 19, 'mini_dev', 15.00, '2026-01-07', 5, 3, NULL),
(318, 8, 19, 'compo', 16.50, '2026-01-07', 5, 3, NULL),
(319, 5, 41, 'interro', 16.00, '2026-01-07', 5, 3, 1),
(320, 5, 41, 'dev_hebdo', 16.00, '2026-01-07', 5, 3, NULL),
(321, 5, 41, 'compo', 16.00, '2026-01-07', 5, 3, NULL),
(322, 6, 41, 'interro', 16.00, '2026-01-07', 5, 3, 3),
(323, 6, 41, 'dev_hebdo', 16.00, '2026-01-07', 5, 3, NULL),
(324, 6, 41, 'compo', 16.00, '2026-01-07', 5, 3, NULL),
(325, 7, 41, 'interro', 16.00, '2026-01-07', 5, 3, 5),
(326, 7, 41, 'dev_hebdo', 16.00, '2026-01-07', 5, 3, NULL),
(327, 7, 41, 'compo', 16.00, '2026-01-07', 5, 3, NULL),
(328, 8, 41, 'interro', 16.00, '2026-01-07', 5, 3, 2),
(329, 8, 41, 'dev_hebdo', 16.00, '2026-01-07', 5, 3, NULL),
(330, 8, 41, 'compo', 16.00, '2026-01-07', 5, 3, NULL),
(331, 5, 41, 'mini_dev', 16.00, '2026-01-07', 5, 3, NULL),
(332, 6, 41, 'mini_dev', 16.00, '2026-01-07', 5, 3, NULL),
(333, 7, 41, 'mini_dev', 16.00, '2026-01-07', 5, 3, NULL),
(334, 8, 41, 'mini_dev', 16.00, '2026-01-07', 5, 3, NULL),
(335, 9, 42, 'interro', 15.00, '2026-01-07', 5, 3, 1),
(336, 9, 42, 'interro', 18.00, '2026-01-07', 5, 3, 2),
(337, 9, 42, 'dev_hebdo', 15.00, '2026-01-07', 5, 3, NULL),
(338, 9, 42, 'mini_dev', 10.00, '2026-01-07', 5, 3, NULL),
(339, 9, 42, 'compo', 17.00, '2026-01-07', 5, 3, NULL),
(340, 10, 42, 'interro', 12.00, '2026-01-07', 5, 3, 1),
(341, 10, 42, 'interro', 16.00, '2026-01-07', 5, 3, 2),
(342, 10, 42, 'dev_hebdo', 12.00, '2026-01-07', 5, 3, NULL),
(343, 10, 42, 'mini_dev', 10.00, '2026-01-07', 5, 3, NULL),
(344, 10, 42, 'compo', 10.00, '2026-01-07', 5, 3, NULL),
(345, 12, 42, 'interro', 2.00, '2026-01-07', 5, 3, 1),
(346, 12, 42, 'interro', 12.00, '2026-01-07', 5, 3, 2),
(347, 12, 42, 'dev_hebdo', 6.00, '2026-01-07', 5, 3, NULL),
(348, 12, 42, 'mini_dev', 4.00, '2026-01-07', 5, 3, NULL),
(349, 12, 42, 'compo', 8.00, '2026-01-07', 5, 3, NULL),
(350, 13, 42, 'interro', 14.00, '2026-01-07', 5, 3, 1),
(351, 13, 42, 'interro', 16.00, '2026-01-07', 5, 3, 2),
(352, 13, 42, 'dev_hebdo', 14.00, '2026-01-07', 5, 3, NULL),
(353, 13, 42, 'mini_dev', 4.00, '2026-01-07', 5, 3, NULL),
(354, 13, 42, 'compo', 10.00, '2026-01-07', 5, 3, NULL),
(355, 15, 42, 'interro', 9.00, '2026-01-07', 5, 3, 1),
(356, 15, 42, 'interro', 19.00, '2026-01-07', 5, 3, 2),
(357, 15, 42, 'dev_hebdo', 16.00, '2026-01-07', 5, 3, NULL),
(358, 15, 42, 'mini_dev', 5.00, '2026-01-07', 5, 3, NULL),
(359, 15, 42, 'compo', 16.00, '2026-01-07', 5, 3, NULL),
(360, 16, 42, 'interro', 14.00, '2026-01-07', 5, 3, 1),
(361, 16, 42, 'interro', 18.00, '2026-01-07', 5, 3, 2),
(362, 16, 42, 'dev_hebdo', 10.00, '2026-01-07', 5, 3, NULL),
(363, 16, 42, 'mini_dev', 4.00, '2026-01-07', 5, 3, NULL),
(364, 16, 42, 'compo', 13.00, '2026-01-07', 5, 3, NULL),
(365, 17, 42, 'interro', 4.00, '2026-01-07', 5, 3, 1),
(366, 17, 42, 'interro', 16.00, '2026-01-07', 5, 3, 2),
(367, 17, 42, 'dev_hebdo', 6.00, '2026-01-07', 5, 3, NULL),
(368, 17, 42, 'mini_dev', 4.00, '2026-01-07', 5, 3, NULL),
(369, 17, 42, 'compo', 10.00, '2026-01-07', 5, 3, NULL),
(370, 18, 42, 'interro', 1.00, '2026-01-07', 5, 3, 1),
(371, 18, 42, 'mini_dev', 3.00, '2026-01-07', 5, 3, NULL),
(372, 19, 42, 'interro', 2.00, '2026-01-07', 5, 3, 1),
(373, 19, 42, 'interro', 18.00, '2026-01-07', 5, 3, 2),
(374, 19, 42, 'dev_hebdo', 4.00, '2026-01-07', 5, 3, NULL),
(375, 19, 42, 'mini_dev', 2.00, '2026-01-07', 5, 3, NULL),
(376, 19, 42, 'compo', 10.00, '2026-01-07', 5, 3, NULL),
(377, 9, 24, 'interro', 15.00, '2026-01-07', 5, 3, 1),
(378, 9, 24, 'interro', 10.00, '2026-01-07', 5, 3, 2),
(379, 9, 24, 'dev_hebdo', 10.00, '2026-01-07', 5, 3, NULL),
(380, 9, 24, 'mini_dev', 10.00, '2026-01-07', 5, 3, NULL),
(381, 9, 24, 'compo', 11.00, '2026-01-07', 5, 3, NULL),
(382, 10, 24, 'interro', 13.00, '2026-01-07', 5, 3, 1),
(383, 10, 24, 'interro', 11.00, '2026-01-07', 5, 3, 2),
(384, 10, 24, 'dev_hebdo', 14.00, '2026-01-07', 5, 3, NULL),
(385, 10, 24, 'mini_dev', 5.00, '2026-01-07', 5, 3, NULL),
(386, 10, 24, 'compo', 11.00, '2026-01-07', 5, 3, NULL),
(387, 12, 24, 'interro', 10.00, '2026-01-07', 5, 3, 1),
(388, 12, 24, 'interro', 15.00, '2026-01-07', 5, 3, 2),
(389, 12, 24, 'dev_hebdo', 8.00, '2026-01-07', 5, 3, NULL),
(390, 12, 24, 'mini_dev', 10.00, '2026-01-07', 5, 3, NULL),
(391, 12, 24, 'compo', 5.00, '2026-01-07', 5, 3, NULL),
(392, 13, 24, 'interro', 18.00, '2026-01-07', 5, 3, 1),
(393, 13, 24, 'interro', 12.00, '2026-01-07', 5, 3, 2),
(394, 13, 24, 'dev_hebdo', 8.00, '2026-01-07', 5, 3, NULL),
(395, 13, 24, 'mini_dev', 13.00, '2026-01-07', 5, 3, NULL),
(396, 13, 24, 'compo', 8.00, '2026-01-07', 5, 3, NULL),
(397, 15, 24, 'interro', 20.00, '2026-01-07', 5, 3, 1),
(398, 15, 24, 'interro', 8.00, '2026-01-07', 5, 3, 2),
(399, 15, 24, 'dev_hebdo', 12.00, '2026-01-07', 5, 3, NULL),
(400, 15, 24, 'mini_dev', 15.00, '2026-01-07', 5, 3, NULL),
(401, 15, 24, 'compo', 9.00, '2026-01-07', 5, 3, NULL),
(402, 16, 24, 'interro', 12.00, '2026-01-07', 5, 3, 1),
(403, 16, 24, 'interro', 15.00, '2026-01-07', 5, 3, 2),
(404, 16, 24, 'dev_hebdo', 12.00, '2026-01-07', 5, 3, NULL),
(405, 16, 24, 'mini_dev', 10.00, '2026-01-07', 5, 3, NULL),
(406, 16, 24, 'compo', 11.00, '2026-01-07', 5, 3, NULL),
(407, 17, 24, 'interro', 13.00, '2026-01-07', 5, 3, 1),
(408, 17, 24, 'interro', 10.00, '2026-01-07', 5, 3, 2),
(409, 17, 24, 'dev_hebdo', 8.00, '2026-01-07', 5, 3, NULL),
(410, 17, 24, 'mini_dev', 6.00, '2026-01-07', 5, 3, NULL),
(411, 17, 24, 'compo', 8.00, '2026-01-07', 5, 3, NULL),
(412, 19, 24, 'interro', 6.00, '2026-01-07', 5, 3, 1),
(413, 19, 24, 'interro', 14.00, '2026-01-07', 5, 3, 2),
(414, 19, 24, 'dev_hebdo', 5.00, '2026-01-07', 5, 3, NULL),
(415, 19, 24, 'mini_dev', 2.00, '2026-01-07', 5, 3, NULL),
(416, 19, 24, 'compo', 3.00, '2026-01-07', 5, 3, NULL),
(417, 9, 20, 'interro', 10.00, '2026-01-07', 5, 3, 1),
(418, 9, 20, 'interro', 12.00, '2026-01-07', 5, 3, 2),
(419, 9, 20, 'dev_hebdo', 11.00, '2026-01-07', 5, 3, NULL),
(420, 9, 20, 'mini_dev', 8.50, '2026-01-07', 5, 3, NULL),
(421, 9, 20, 'compo', 5.50, '2026-01-07', 5, 3, NULL),
(422, 10, 20, 'interro', 13.00, '2026-01-07', 5, 3, 1),
(423, 10, 20, 'interro', 14.00, '2026-01-07', 5, 3, 2),
(424, 10, 20, 'dev_hebdo', 13.00, '2026-01-07', 5, 3, NULL),
(425, 10, 20, 'mini_dev', 12.50, '2026-01-07', 5, 3, NULL),
(426, 10, 20, 'compo', 8.00, '2026-01-07', 5, 3, NULL),
(427, 12, 20, 'interro', 10.00, '2026-01-07', 5, 3, 1),
(428, 12, 20, 'interro', 10.00, '2026-01-07', 5, 3, 2),
(429, 12, 20, 'dev_hebdo', 11.00, '2026-01-07', 5, 3, NULL),
(430, 12, 20, 'mini_dev', 7.50, '2026-01-07', 5, 3, NULL),
(431, 12, 20, 'compo', 7.00, '2026-01-07', 5, 3, NULL),
(432, 13, 20, 'interro', 8.00, '2026-01-07', 5, 3, 1),
(433, 13, 20, 'interro', 9.00, '2026-01-07', 5, 3, 2),
(434, 13, 20, 'dev_hebdo', 10.50, '2026-01-07', 5, 3, NULL),
(435, 13, 20, 'mini_dev', 12.50, '2026-01-07', 5, 3, NULL),
(436, 13, 20, 'compo', 3.50, '2026-01-07', 5, 3, NULL),
(437, 15, 20, 'interro', 11.50, '2026-01-07', 5, 3, 1),
(438, 15, 20, 'interro', 8.50, '2026-01-07', 5, 3, 2),
(439, 15, 20, 'dev_hebdo', 13.00, '2026-01-07', 5, 3, NULL),
(440, 15, 20, 'mini_dev', 13.00, '2026-01-07', 5, 3, NULL),
(441, 15, 20, 'compo', 6.50, '2026-01-07', 5, 3, NULL),
(442, 16, 20, 'interro', 13.00, '2026-01-07', 5, 3, 1),
(443, 16, 20, 'interro', 8.00, '2026-01-07', 5, 3, 2),
(444, 16, 20, 'dev_hebdo', 11.00, '2026-01-07', 5, 3, NULL),
(445, 16, 20, 'mini_dev', 14.00, '2026-01-07', 5, 3, NULL),
(446, 16, 20, 'compo', 8.00, '2026-01-07', 5, 3, NULL),
(447, 17, 20, 'interro', 12.00, '2026-01-07', 5, 3, 1),
(448, 17, 20, 'interro', 12.00, '2026-01-07', 5, 3, 2),
(449, 17, 20, 'dev_hebdo', 10.50, '2026-01-07', 5, 3, NULL),
(450, 17, 20, 'mini_dev', 13.00, '2026-01-07', 5, 3, NULL),
(451, 17, 20, 'compo', 11.50, '2026-01-07', 5, 3, NULL),
(452, 18, 20, 'mini_dev', 2.50, '2026-01-07', 5, 3, NULL),
(453, 19, 20, 'interro', 8.00, '2026-01-07', 5, 3, 1),
(454, 19, 20, 'interro', 5.00, '2026-01-07', 5, 3, 2),
(455, 19, 20, 'dev_hebdo', 10.50, '2026-01-07', 5, 3, NULL),
(456, 19, 20, 'mini_dev', 7.00, '2026-01-07', 5, 3, NULL),
(457, 19, 20, 'compo', 3.00, '2026-01-07', 5, 3, NULL),
(458, 9, 44, 'interro', 12.00, '2026-01-07', 5, 3, 1),
(459, 9, 44, 'interro', 12.00, '2026-01-07', 5, 3, 2),
(460, 9, 44, 'mini_dev', 4.00, '2026-01-07', 5, 3, NULL),
(461, 9, 44, 'compo', 12.00, '2026-01-07', 5, 3, NULL),
(462, 10, 44, 'interro', 10.00, '2026-01-07', 5, 3, 1),
(463, 10, 44, 'interro', 12.00, '2026-01-07', 5, 3, 2),
(464, 10, 44, 'mini_dev', 6.00, '2026-01-07', 5, 3, NULL),
(465, 10, 44, 'compo', 6.00, '2026-01-07', 5, 3, NULL),
(467, 12, 44, 'interro', 14.00, '2026-01-07', 5, 3, 1),
(468, 12, 44, 'interro', 12.00, '2026-01-07', 5, 3, 2),
(469, 12, 44, 'dev_hebdo', 8.00, '2026-01-07', 5, 3, NULL),
(470, 12, 44, 'mini_dev', 7.00, '2026-01-07', 5, 3, NULL),
(471, 12, 44, 'compo', 9.00, '2026-01-07', 5, 3, NULL),
(472, 13, 44, 'interro', 13.00, '2026-01-07', 5, 3, 1),
(473, 13, 44, 'interro', 13.00, '2026-01-07', 5, 3, 2),
(474, 13, 44, 'dev_hebdo', 11.00, '2026-01-07', 5, 3, NULL),
(475, 13, 44, 'mini_dev', 7.00, '2026-01-07', 5, 3, NULL),
(476, 13, 44, 'compo', 11.00, '2026-01-07', 5, 3, NULL),
(477, 15, 44, 'interro', 13.00, '2026-01-07', 5, 3, 1),
(478, 15, 44, 'interro', 10.00, '2026-01-07', 5, 3, 2),
(479, 15, 44, 'dev_hebdo', 10.00, '2026-01-07', 5, 3, NULL),
(480, 15, 44, 'mini_dev', 4.00, '2026-01-07', 5, 3, NULL),
(481, 15, 44, 'compo', 9.00, '2026-01-07', 5, 3, NULL),
(482, 16, 44, 'interro', 13.00, '2026-01-07', 5, 3, 1),
(483, 16, 44, 'interro', 12.00, '2026-01-07', 5, 3, 2),
(484, 16, 44, 'dev_hebdo', 9.00, '2026-01-07', 5, 3, NULL),
(485, 16, 44, 'mini_dev', 7.00, '2026-01-07', 5, 3, NULL),
(486, 16, 44, 'compo', 11.00, '2026-01-07', 5, 3, NULL),
(487, 17, 44, 'interro', 14.00, '2026-01-07', 5, 3, 1),
(488, 17, 44, 'interro', 14.00, '2026-01-07', 5, 3, 2),
(489, 17, 44, 'dev_hebdo', 9.00, '2026-01-07', 5, 3, NULL),
(490, 17, 44, 'mini_dev', 5.00, '2026-01-07', 5, 3, NULL),
(491, 17, 44, 'compo', 12.00, '2026-01-07', 5, 3, NULL),
(492, 18, 44, 'mini_dev', 4.00, '2026-01-07', 5, 3, NULL),
(493, 19, 44, 'interro', 13.00, '2026-01-07', 5, 3, 1),
(494, 19, 44, 'interro', 10.00, '2026-01-07', 5, 3, 2),
(495, 19, 44, 'dev_hebdo', 7.00, '2026-01-07', 5, 3, NULL),
(496, 19, 44, 'mini_dev', 10.00, '2026-01-07', 5, 3, NULL),
(497, 19, 44, 'compo', 6.00, '2026-01-07', 5, 3, NULL),
(498, 9, 43, 'interro', 10.00, '2026-01-07', 5, 3, 1),
(499, 9, 43, 'interro', 10.00, '2026-01-07', 5, 3, 2),
(500, 9, 43, 'interro', 14.00, '2026-01-07', 5, 3, 3),
(501, 9, 43, 'dev_hebdo', 18.00, '2026-01-07', 5, 3, NULL),
(502, 9, 43, 'mini_dev', 4.00, '2026-01-07', 5, 3, NULL),
(503, 9, 43, 'compo', 9.00, '2026-01-07', 5, 3, NULL),
(504, 10, 43, 'interro', 4.00, '2026-01-07', 5, 3, 1),
(505, 10, 43, 'interro', 10.00, '2026-01-07', 5, 3, 2),
(506, 10, 43, 'interro', 13.00, '2026-01-07', 5, 3, 3),
(507, 10, 43, 'dev_hebdo', 8.00, '2026-01-07', 5, 3, NULL),
(508, 10, 43, 'mini_dev', 15.00, '2026-01-07', 5, 3, NULL),
(509, 10, 43, 'compo', 3.00, '2026-01-07', 5, 3, NULL),
(510, 12, 43, 'interro', 15.00, '2026-01-07', 5, 3, 1),
(511, 12, 43, 'interro', 17.00, '2026-01-07', 5, 3, 2),
(512, 12, 43, 'interro', 16.00, '2026-01-07', 5, 3, 3),
(513, 12, 43, 'dev_hebdo', 17.00, '2026-01-07', 5, 3, NULL),
(514, 12, 43, 'mini_dev', 4.00, '2026-01-07', 5, 3, NULL),
(515, 12, 43, 'compo', 13.00, '2026-01-07', 5, 3, NULL),
(516, 13, 43, 'interro', 11.00, '2026-01-07', 5, 3, 1),
(517, 13, 43, 'interro', 15.00, '2026-01-07', 5, 3, 2),
(518, 13, 43, 'interro', 13.00, '2026-01-07', 5, 3, 3),
(519, 13, 43, 'dev_hebdo', 15.00, '2026-01-07', 5, 3, NULL),
(520, 13, 43, 'mini_dev', 5.00, '2026-01-07', 5, 3, NULL),
(521, 13, 43, 'compo', 11.00, '2026-01-07', 5, 3, NULL),
(522, 15, 43, 'interro', 9.00, '2026-01-07', 5, 3, 1),
(523, 15, 43, 'interro', 17.00, '2026-01-07', 5, 3, 2),
(524, 15, 43, 'interro', 12.00, '2026-01-07', 5, 3, 3),
(525, 15, 43, 'dev_hebdo', 12.00, '2026-01-07', 5, 3, NULL),
(526, 15, 43, 'mini_dev', 11.00, '2026-01-07', 5, 3, NULL),
(527, 15, 43, 'compo', 11.00, '2026-01-07', 5, 3, NULL),
(528, 16, 43, 'interro', 13.00, '2026-01-07', 5, 3, 1),
(529, 16, 43, 'interro', 13.00, '2026-01-07', 5, 3, 2),
(530, 16, 43, 'interro', 12.00, '2026-01-07', 5, 3, 3),
(531, 16, 43, 'dev_hebdo', 13.00, '2026-01-07', 5, 3, NULL),
(532, 16, 43, 'mini_dev', 11.00, '2026-01-07', 5, 3, NULL),
(533, 16, 43, 'compo', 15.00, '2026-01-07', 5, 3, NULL),
(534, 17, 43, 'interro', 11.00, '2026-01-07', 5, 3, 1),
(535, 17, 43, 'interro', 13.00, '2026-01-07', 5, 3, 2),
(536, 17, 43, 'interro', 15.00, '2026-01-07', 5, 3, 3),
(537, 17, 43, 'dev_hebdo', 14.00, '2026-01-07', 5, 3, NULL),
(538, 17, 43, 'mini_dev', 11.00, '2026-01-07', 5, 3, NULL),
(539, 17, 43, 'compo', 8.00, '2026-01-07', 5, 3, NULL),
(540, 18, 43, 'mini_dev', 3.00, '2026-01-07', 5, 3, NULL),
(541, 19, 43, 'interro', 4.00, '2026-01-07', 5, 3, 1),
(542, 19, 43, 'interro', 15.00, '2026-01-07', 5, 3, 2),
(543, 19, 43, 'interro', 15.00, '2026-01-07', 5, 3, 3),
(544, 19, 43, 'dev_hebdo', 15.00, '2026-01-07', 5, 3, NULL),
(545, 19, 43, 'mini_dev', 4.00, '2026-01-07', 5, 3, NULL),
(546, 19, 43, 'compo', 13.00, '2026-01-07', 5, 3, NULL),
(547, 9, 45, 'interro', 0.00, '2026-01-07', 5, 3, 1),
(548, 9, 45, 'interro', 0.00, '2026-01-07', 5, 3, 2),
(549, 9, 45, 'interro', 12.00, '2026-01-07', 5, 3, 3),
(550, 9, 45, 'dev_hebdo', 1.00, '2026-01-07', 5, 3, NULL),
(551, 9, 45, 'mini_dev', 7.00, '2026-01-07', 5, 3, NULL),
(552, 9, 45, 'compo', 7.00, '2026-01-07', 5, 3, NULL),
(553, 10, 45, 'interro', 1.00, '2026-01-07', 5, 3, 1),
(554, 10, 45, 'interro', 5.00, '2026-01-07', 5, 3, 2),
(555, 10, 45, 'interro', 2.00, '2026-01-07', 5, 3, 3),
(556, 10, 45, 'dev_hebdo', 15.00, '2026-01-07', 5, 3, NULL),
(557, 10, 45, 'mini_dev', 13.00, '2026-01-07', 5, 3, NULL),
(558, 10, 45, 'compo', 10.00, '2026-01-07', 5, 3, NULL),
(559, 12, 45, 'interro', 1.00, '2026-01-07', 5, 3, 1),
(560, 12, 45, 'interro', 15.00, '2026-01-07', 5, 3, 2),
(561, 12, 45, 'interro', 5.00, '2026-01-07', 5, 3, 3),
(562, 12, 45, 'dev_hebdo', 12.00, '2026-01-07', 5, 3, NULL),
(563, 12, 45, 'mini_dev', 8.00, '2026-01-07', 5, 3, NULL),
(564, 12, 45, 'compo', 4.00, '2026-01-07', 5, 3, NULL),
(565, 13, 45, 'interro', 1.00, '2026-01-07', 5, 3, 1),
(566, 13, 45, 'interro', 4.00, '2026-01-07', 5, 3, 2),
(567, 13, 45, 'interro', 1.00, '2026-01-07', 5, 3, 3),
(568, 13, 45, 'dev_hebdo', 11.00, '2026-01-07', 5, 3, NULL),
(569, 13, 45, 'mini_dev', 10.00, '2026-01-07', 5, 3, NULL),
(570, 13, 45, 'compo', 6.00, '2026-01-07', 5, 3, NULL),
(571, 15, 45, 'interro', 3.00, '2026-01-07', 5, 3, 1),
(572, 15, 45, 'interro', 6.00, '2026-01-07', 5, 3, 2),
(573, 15, 45, 'interro', 11.00, '2026-01-07', 5, 3, 3),
(574, 15, 45, 'dev_hebdo', 12.00, '2026-01-07', 5, 3, NULL),
(575, 15, 45, 'mini_dev', 13.00, '2026-01-07', 5, 3, NULL),
(576, 15, 45, 'compo', 14.00, '2026-01-07', 5, 3, NULL),
(577, 16, 45, 'interro', 4.00, '2026-01-07', 5, 3, 1),
(578, 16, 45, 'interro', 1.00, '2026-01-07', 5, 3, 2),
(579, 16, 45, 'interro', 15.00, '2026-01-07', 5, 3, 3),
(580, 16, 45, 'dev_hebdo', 12.00, '2026-01-07', 5, 3, NULL),
(581, 16, 45, 'mini_dev', 12.00, '2026-01-07', 5, 3, NULL),
(582, 16, 45, 'compo', 11.00, '2026-01-07', 5, 3, NULL),
(583, 17, 45, 'interro', 3.00, '2026-01-07', 5, 3, 1),
(584, 17, 45, 'interro', 15.00, '2026-01-07', 5, 3, 2),
(585, 17, 45, 'interro', 2.00, '2026-01-07', 5, 3, 3),
(586, 17, 45, 'dev_hebdo', 14.00, '2026-01-07', 5, 3, NULL),
(587, 17, 45, 'mini_dev', 12.00, '2026-01-07', 5, 3, NULL),
(588, 17, 45, 'compo', 9.00, '2026-01-07', 5, 3, NULL),
(589, 18, 45, 'interro', 0.00, '2026-01-07', 5, 3, 1),
(590, 18, 45, 'interro', 0.00, '2026-01-07', 5, 3, 2),
(591, 18, 45, 'interro', 1.00, '2026-01-07', 5, 3, 3),
(592, 18, 45, 'dev_hebdo', 12.00, '2026-01-07', 5, 3, NULL),
(593, 18, 45, 'mini_dev', 7.00, '2026-01-07', 5, 3, NULL),
(594, 18, 45, 'compo', 10.00, '2026-01-07', 5, 3, NULL),
(595, 19, 45, 'interro', 5.00, '2026-01-07', 5, 3, 1),
(596, 19, 45, 'interro', 13.00, '2026-01-07', 5, 3, 2),
(597, 19, 45, 'interro', 1.00, '2026-01-07', 5, 3, 3),
(598, 19, 45, 'dev_hebdo', 12.00, '2026-01-07', 5, 3, NULL),
(599, 19, 45, 'mini_dev', 6.00, '2026-01-07', 5, 3, NULL),
(600, 19, 45, 'compo', 3.00, '2026-01-07', 5, 3, NULL),
(601, 9, 16, 'interro', 13.00, '2026-01-07', 5, 3, 1),
(602, 9, 16, 'interro', 11.00, '2026-01-07', 5, 3, 2),
(603, 9, 16, 'mini_dev', 12.00, '2026-01-07', 5, 3, NULL),
(604, 9, 16, 'compo', 11.00, '2026-01-07', 5, 3, NULL),
(605, 10, 16, 'interro', 11.00, '2026-01-07', 5, 3, 1),
(606, 10, 16, 'interro', 13.00, '2026-01-07', 5, 3, 2),
(607, 10, 16, 'dev_hebdo', 8.00, '2026-01-07', 5, 3, NULL),
(608, 10, 16, 'mini_dev', 11.00, '2026-01-07', 5, 3, NULL),
(609, 10, 16, 'compo', 7.00, '2026-01-07', 5, 3, NULL),
(610, 12, 16, 'interro', 12.00, '2026-01-07', 5, 3, 1),
(611, 12, 16, 'interro', 14.00, '2026-01-07', 5, 3, 2),
(612, 12, 16, 'dev_hebdo', 3.00, '2026-01-07', 5, 3, NULL),
(613, 12, 16, 'mini_dev', 14.00, '2026-01-07', 5, 3, NULL),
(614, 12, 16, 'compo', 8.00, '2026-01-07', 5, 3, NULL),
(615, 13, 16, 'interro', 13.00, '2026-01-07', 5, 3, 1),
(616, 13, 16, 'interro', 16.00, '2026-01-07', 5, 3, 2),
(617, 13, 16, 'dev_hebdo', 12.00, '2026-01-07', 5, 3, NULL),
(618, 13, 16, 'mini_dev', 13.00, '2026-01-07', 5, 3, NULL),
(619, 13, 16, 'compo', 10.00, '2026-01-07', 5, 3, NULL),
(620, 15, 16, 'interro', 11.00, '2026-01-07', 5, 3, 1),
(621, 15, 16, 'interro', 14.00, '2026-01-07', 5, 3, 2),
(622, 15, 16, 'dev_hebdo', 11.00, '2026-01-07', 5, 3, NULL),
(623, 15, 16, 'mini_dev', 11.00, '2026-01-07', 5, 3, NULL),
(624, 15, 16, 'compo', 8.00, '2026-01-07', 5, 3, NULL),
(625, 16, 16, 'interro', 12.00, '2026-01-07', 5, 3, 1),
(626, 16, 16, 'interro', 14.00, '2026-01-07', 5, 3, 2),
(627, 16, 16, 'dev_hebdo', 12.00, '2026-01-07', 5, 3, NULL),
(628, 16, 16, 'mini_dev', 12.00, '2026-01-07', 5, 3, NULL),
(629, 16, 16, 'compo', 10.00, '2026-01-07', 5, 3, NULL),
(630, 17, 16, 'interro', 12.00, '2026-01-07', 5, 3, 1),
(631, 17, 16, 'interro', 15.00, '2026-01-07', 5, 3, 2),
(632, 17, 16, 'dev_hebdo', 8.00, '2026-01-07', 5, 3, NULL),
(633, 17, 16, 'mini_dev', 10.00, '2026-01-07', 5, 3, NULL),
(634, 17, 16, 'compo', 10.00, '2026-01-07', 5, 3, NULL),
(635, 18, 16, 'mini_dev', 17.00, '2026-01-07', 5, 3, NULL),
(636, 19, 16, 'interro', 12.00, '2026-01-07', 5, 3, 1),
(637, 19, 16, 'interro', 13.00, '2026-01-07', 5, 3, 2),
(638, 19, 16, 'dev_hebdo', 11.00, '2026-01-07', 5, 3, NULL),
(639, 19, 16, 'mini_dev', 10.00, '2026-01-07', 5, 3, NULL),
(640, 19, 16, 'compo', 10.00, '2026-01-07', 5, 3, NULL),
(641, 9, 18, 'interro', 1.00, '2026-01-07', 5, 3, 1),
(642, 9, 18, 'interro', 4.00, '2026-01-07', 5, 3, 2),
(643, 9, 18, 'dev_hebdo', 7.00, '2026-01-07', 5, 3, NULL),
(644, 9, 18, 'mini_dev', 1.00, '2026-01-07', 5, 3, NULL),
(645, 9, 18, 'compo', 8.00, '2026-01-07', 5, 3, NULL),
(646, 10, 18, 'interro', 1.50, '2026-01-07', 5, 3, 1),
(647, 10, 18, 'interro', 1.00, '2026-01-07', 5, 3, 2),
(648, 10, 18, 'dev_hebdo', 1.00, '2026-01-07', 5, 3, NULL),
(649, 10, 18, 'mini_dev', 2.00, '2026-01-07', 5, 3, NULL),
(650, 10, 18, 'compo', 2.00, '2026-01-07', 5, 3, NULL),
(651, 12, 18, 'interro', 1.00, '2026-01-07', 5, 3, 1),
(652, 12, 18, 'interro', 6.00, '2026-01-07', 5, 3, 2),
(653, 12, 18, 'dev_hebdo', 4.00, '2026-01-07', 5, 3, NULL),
(654, 12, 18, 'mini_dev', 1.00, '2026-01-07', 5, 3, NULL),
(655, 12, 18, 'compo', 2.00, '2026-01-07', 5, 3, NULL),
(656, 13, 18, 'interro', 2.00, '2026-01-07', 5, 3, 1),
(657, 13, 18, 'interro', 1.00, '2026-01-07', 5, 3, 2),
(658, 13, 18, 'dev_hebdo', 6.00, '2026-01-07', 5, 3, NULL),
(659, 13, 18, 'mini_dev', 3.00, '2026-01-07', 5, 3, NULL),
(660, 13, 18, 'compo', 6.00, '2026-01-07', 5, 3, NULL),
(661, 15, 18, 'interro', 5.00, '2026-01-07', 5, 3, 1),
(662, 15, 18, 'interro', 7.00, '2026-01-07', 5, 3, 2),
(663, 15, 18, 'dev_hebdo', 1.00, '2026-01-07', 5, 3, NULL),
(664, 15, 18, 'mini_dev', 8.00, '2026-01-07', 5, 3, NULL),
(665, 15, 18, 'compo', 9.00, '2026-01-07', 5, 3, NULL),
(666, 16, 18, 'interro', 7.00, '2026-01-07', 5, 3, 1),
(667, 16, 18, 'interro', 6.00, '2026-01-07', 5, 3, 2),
(668, 16, 18, 'dev_hebdo', 1.00, '2026-01-07', 5, 3, NULL),
(669, 16, 18, 'mini_dev', 1.00, '2026-01-07', 5, 3, NULL),
(670, 16, 18, 'compo', 10.00, '2026-01-07', 5, 3, NULL),
(671, 17, 18, 'interro', 4.00, '2026-01-07', 5, 3, 1),
(672, 17, 18, 'interro', 7.00, '2026-01-07', 5, 3, 2),
(673, 17, 18, 'dev_hebdo', 8.00, '2026-01-07', 5, 3, NULL),
(674, 17, 18, 'mini_dev', 5.00, '2026-01-07', 5, 3, NULL),
(675, 17, 18, 'compo', 9.00, '2026-01-07', 5, 3, NULL),
(676, 19, 18, 'interro', 1.00, '2026-01-07', 5, 3, 1),
(677, 19, 18, 'interro', 3.00, '2026-01-07', 5, 3, 2),
(678, 19, 18, 'dev_hebdo', 1.00, '2026-01-07', 5, 3, NULL),
(679, 19, 18, 'mini_dev', 1.00, '2026-01-07', 5, 3, NULL),
(680, 19, 18, 'compo', 1.00, '2026-01-07', 5, 3, NULL),
(681, 9, 17, 'interro', 7.00, '2026-01-07', 5, 3, 1),
(682, 9, 17, 'interro', 13.00, '2026-01-07', 5, 3, 2),
(683, 9, 17, 'dev_hebdo', 4.00, '2026-01-07', 5, 3, NULL),
(684, 9, 17, 'mini_dev', 4.00, '2026-01-07', 5, 3, NULL),
(685, 9, 17, 'compo', 10.00, '2026-01-07', 5, 3, NULL),
(686, 10, 17, 'interro', 8.00, '2026-01-07', 5, 3, 1),
(687, 10, 17, 'interro', 12.00, '2026-01-07', 5, 3, 2),
(688, 10, 17, 'dev_hebdo', 2.00, '2026-01-07', 5, 3, NULL),
(689, 10, 17, 'mini_dev', 3.00, '2026-01-07', 5, 3, NULL),
(690, 10, 17, 'compo', 2.00, '2026-01-07', 5, 3, NULL),
(691, 12, 17, 'interro', 10.00, '2026-01-07', 5, 3, 1),
(692, 12, 17, 'interro', 13.00, '2026-01-07', 5, 3, 2),
(693, 12, 17, 'dev_hebdo', 2.00, '2026-01-07', 5, 3, NULL),
(694, 12, 17, 'mini_dev', 3.00, '2026-01-07', 5, 3, NULL),
(695, 12, 17, 'compo', 3.00, '2026-01-07', 5, 3, NULL),
(696, 13, 17, 'interro', 12.00, '2026-01-07', 5, 3, 2),
(697, 13, 17, 'dev_hebdo', 4.00, '2026-01-07', 5, 3, NULL),
(698, 13, 17, 'mini_dev', 6.00, '2026-01-07', 5, 3, NULL),
(699, 13, 17, 'compo', 6.00, '2026-01-07', 5, 3, NULL),
(700, 15, 17, 'interro', 6.00, '2026-01-07', 5, 3, 1),
(701, 15, 17, 'interro', 13.00, '2026-01-07', 5, 3, 2),
(702, 15, 17, 'dev_hebdo', 3.00, '2026-01-07', 5, 3, NULL),
(703, 15, 17, 'mini_dev', 4.00, '2026-01-07', 5, 3, NULL),
(704, 15, 17, 'compo', 5.00, '2026-01-07', 5, 3, NULL),
(705, 16, 17, 'interro', 13.00, '2026-01-07', 5, 3, 2),
(706, 16, 17, 'dev_hebdo', 4.00, '2026-01-07', 5, 3, NULL),
(707, 16, 17, 'mini_dev', 6.00, '2026-01-07', 5, 3, NULL),
(708, 16, 17, 'compo', 4.00, '2026-01-07', 5, 3, NULL),
(709, 17, 17, 'interro', 17.00, '2026-01-07', 5, 3, 1),
(710, 17, 17, 'interro', 14.00, '2026-01-07', 5, 3, 2),
(711, 17, 17, 'dev_hebdo', 13.00, '2026-01-07', 5, 3, NULL),
(712, 17, 17, 'mini_dev', 7.00, '2026-01-07', 5, 3, NULL),
(713, 17, 17, 'compo', 9.00, '2026-01-07', 5, 3, NULL),
(714, 18, 17, 'interro', 12.00, '2026-01-07', 5, 3, 2),
(715, 18, 17, 'dev_hebdo', 2.00, '2026-01-07', 5, 3, NULL),
(716, 18, 17, 'mini_dev', 3.00, '2026-01-07', 5, 3, NULL),
(717, 18, 17, 'compo', 3.00, '2026-01-07', 5, 3, NULL),
(718, 19, 17, 'interro', 17.00, '2026-01-07', 5, 3, 1),
(719, 19, 17, 'interro', 12.00, '2026-01-07', 5, 3, 2),
(720, 19, 17, 'dev_hebdo', 4.00, '2026-01-07', 5, 3, NULL),
(721, 19, 17, 'mini_dev', 2.00, '2026-01-07', 5, 3, NULL),
(722, 19, 17, 'compo', 2.00, '2026-01-07', 5, 3, NULL),
(723, 10, 19, 'interro', 14.50, '2026-01-07', 5, 3, 1),
(724, 10, 19, 'interro', 16.00, '2026-01-07', 5, 3, 2),
(725, 10, 19, 'dev_hebdo', 7.00, '2026-01-07', 5, 3, NULL),
(726, 10, 19, 'mini_dev', 5.00, '2026-01-07', 5, 3, NULL),
(727, 10, 19, 'compo', 10.00, '2026-01-07', 5, 3, NULL),
(728, 12, 19, 'interro', 15.00, '2026-01-07', 5, 3, 1),
(729, 12, 19, 'interro', 16.00, '2026-01-07', 5, 3, 2),
(730, 12, 19, 'dev_hebdo', 14.50, '2026-01-07', 5, 3, NULL),
(731, 12, 19, 'mini_dev', 5.50, '2026-01-07', 5, 3, NULL),
(732, 12, 19, 'compo', 14.00, '2026-01-07', 5, 3, NULL),
(733, 13, 19, 'interro', 15.50, '2026-01-07', 5, 3, 1),
(734, 13, 19, 'interro', 16.00, '2026-01-07', 5, 3, 2),
(735, 13, 19, 'mini_dev', 6.50, '2026-01-07', 5, 3, NULL),
(736, 13, 19, 'compo', 13.25, '2026-01-07', 5, 3, NULL),
(737, 15, 19, 'interro', 16.50, '2026-01-07', 5, 3, 1),
(738, 15, 19, 'interro', 16.00, '2026-01-07', 5, 3, 2),
(739, 15, 19, 'dev_hebdo', 8.00, '2026-01-07', 5, 3, NULL),
(740, 15, 19, 'mini_dev', 7.00, '2026-01-07', 5, 3, NULL),
(741, 15, 19, 'compo', 10.00, '2026-01-07', 5, 3, NULL),
(742, 16, 19, 'interro', 17.50, '2026-01-07', 5, 3, 1),
(743, 16, 19, 'interro', 16.00, '2026-01-07', 5, 3, 2),
(744, 16, 19, 'dev_hebdo', 8.00, '2026-01-07', 5, 3, NULL),
(745, 16, 19, 'mini_dev', 6.50, '2026-01-07', 5, 3, NULL),
(746, 16, 19, 'compo', 13.75, '2026-01-07', 5, 3, NULL),
(747, 17, 19, 'interro', 16.50, '2026-01-07', 5, 3, 1),
(748, 17, 19, 'interro', 16.00, '2026-01-07', 5, 3, 2),
(749, 17, 19, 'dev_hebdo', 4.00, '2026-01-07', 5, 3, NULL),
(750, 17, 19, 'mini_dev', 5.50, '2026-01-07', 5, 3, NULL),
(751, 17, 19, 'compo', 10.00, '2026-01-07', 5, 3, NULL),
(752, 19, 19, 'interro', 11.50, '2026-01-07', 5, 3, 1),
(753, 19, 19, 'interro', 16.00, '2026-01-07', 5, 3, 2),
(754, 19, 19, 'mini_dev', 4.50, '2026-01-07', 5, 3, NULL),
(755, 19, 19, 'compo', 9.00, '2026-01-07', 5, 3, NULL),
(756, 9, 41, 'interro', 17.00, '2026-01-07', 5, 3, 1),
(757, 9, 41, 'dev_hebdo', 17.00, '2026-01-07', 5, 3, NULL),
(758, 9, 41, 'mini_dev', 17.00, '2026-01-07', 5, 3, NULL),
(759, 9, 41, 'compo', 17.00, '2026-01-07', 5, 3, NULL),
(760, 10, 41, 'interro', 17.00, '2026-01-07', 5, 3, 1),
(761, 10, 41, 'dev_hebdo', 17.00, '2026-01-07', 5, 3, NULL),
(762, 10, 41, 'mini_dev', 17.00, '2026-01-07', 5, 3, NULL),
(763, 10, 41, 'compo', 17.00, '2026-01-07', 5, 3, NULL),
(768, 12, 41, 'interro', 17.00, '2026-01-07', 5, 3, 1),
(769, 12, 41, 'dev_hebdo', 17.00, '2026-01-07', 5, 3, NULL),
(770, 12, 41, 'mini_dev', 17.00, '2026-01-07', 5, 3, NULL),
(771, 12, 41, 'compo', 17.00, '2026-01-07', 5, 3, NULL),
(772, 13, 41, 'interro', 17.00, '2026-01-07', 5, 3, 1),
(773, 13, 41, 'dev_hebdo', 17.00, '2026-01-07', 5, 3, NULL),
(774, 13, 41, 'mini_dev', 17.00, '2026-01-07', 5, 3, NULL),
(775, 13, 41, 'compo', 17.00, '2026-01-07', 5, 3, NULL),
(776, 15, 41, 'interro', 17.00, '2026-01-07', 5, 3, 1),
(777, 15, 41, 'dev_hebdo', 17.00, '2026-01-07', 5, 3, NULL),
(778, 15, 41, 'mini_dev', 17.00, '2026-01-07', 5, 3, NULL),
(779, 15, 41, 'compo', 17.00, '2026-01-07', 5, 3, NULL),
(780, 16, 41, 'interro', 17.00, '2026-01-07', 5, 3, 1),
(781, 16, 41, 'dev_hebdo', 17.00, '2026-01-07', 5, 3, NULL),
(782, 16, 41, 'mini_dev', 17.00, '2026-01-07', 5, 3, NULL),
(783, 16, 41, 'compo', 17.00, '2026-01-07', 5, 3, NULL),
(784, 17, 41, 'interro', 17.00, '2026-01-07', 5, 3, 1),
(785, 17, 41, 'dev_hebdo', 17.00, '2026-01-07', 5, 3, NULL),
(786, 17, 41, 'mini_dev', 17.00, '2026-01-07', 5, 3, NULL),
(787, 17, 41, 'compo', 17.00, '2026-01-07', 5, 3, NULL),
(788, 18, 41, 'interro', 17.00, '2026-01-07', 5, 3, 1),
(789, 18, 41, 'dev_hebdo', 17.00, '2026-01-07', 5, 3, NULL),
(790, 18, 41, 'mini_dev', 17.00, '2026-01-07', 5, 3, NULL),
(791, 18, 41, 'compo', 17.00, '2026-01-07', 5, 3, NULL),
(792, 19, 41, 'interro', 17.00, '2026-01-07', 5, 3, 1),
(793, 19, 41, 'dev_hebdo', 17.00, '2026-01-07', 5, 3, NULL),
(794, 19, 41, 'mini_dev', 17.00, '2026-01-07', 5, 3, NULL),
(795, 19, 41, 'compo', 17.00, '2026-01-07', 5, 3, NULL);

-- --------------------------------------------------------

--
-- Structure de la table `parametres`
--

CREATE TABLE `parametres` (
  `id` int(11) NOT NULL,
  `cle` varchar(50) DEFAULT NULL,
  `valeur` varchar(255) DEFAULT NULL
) ENGINE=InnoDB DEFAULT CHARSET=utf8mb4 COLLATE=utf8mb4_general_ci;

--
-- Déchargement des données de la table `parametres`
--

INSERT INTO `parametres` (`id`, `cle`, `valeur`) VALUES
(1, 'nom_ecole', 'COLLEGE XYZ'),
(2, 'directeur', 'M. KOUASSI'),
(3, 'note_max', '20'),
(4, 'arrondi', '2'),
(5, 'nb_trimestres', '3');

-- --------------------------------------------------------

--
-- Structure de la table `trimestres`
--

CREATE TABLE `trimestres` (
  `id` int(11) NOT NULL,
  `nom` varchar(30) NOT NULL,
  `ordre` int(11) NOT NULL,
  `annee_id` int(11) NOT NULL,
  `actif` tinyint(1) DEFAULT 0
) ENGINE=InnoDB DEFAULT CHARSET=utf8mb4 COLLATE=utf8mb4_general_ci;

--
-- Déchargement des données de la table `trimestres`
--

INSERT INTO `trimestres` (`id`, `nom`, `ordre`, `annee_id`, `actif`) VALUES
(5, '1er', 1, 3, 1),
(6, '2ème', 2, 3, 0),
(7, '3ème', 3, 3, 0);

-- --------------------------------------------------------

--
-- Structure de la table `utilisateurs`
--

CREATE TABLE `utilisateurs` (
  `id` int(11) NOT NULL,
  `username` varchar(50) NOT NULL,
  `mot_de_passe` varchar(255) NOT NULL,
  `role` enum('admin','professeur') DEFAULT 'professeur',
  `date_creation` timestamp NOT NULL DEFAULT current_timestamp()
) ENGINE=InnoDB DEFAULT CHARSET=utf8mb4 COLLATE=utf8mb4_general_ci;

--
-- Déchargement des données de la table `utilisateurs`
--

INSERT INTO `utilisateurs` (`id`, `username`, `mot_de_passe`, `role`, `date_creation`) VALUES
(1, 'admin', '$2y$10$UVrag5KhOozL1KH42vbw/.e3S0ssVs.Y.RsfL8oktoEhHUjC1inPW', 'admin', '2025-12-30 10:05:50');

--
-- Index pour les tables déchargées
--

--
-- Index pour la table `annees_scolaires`
--
ALTER TABLE `annees_scolaires`
  ADD PRIMARY KEY (`id`);

--
-- Index pour la table `classes`
--
ALTER TABLE `classes`
  ADD PRIMARY KEY (`id`);

--
-- Index pour la table `classe_matiere`
--
ALTER TABLE `classe_matiere`
  ADD PRIMARY KEY (`id`),
  ADD UNIQUE KEY `classe_id` (`classe_id`,`matiere_id`),
  ADD KEY `matiere_id` (`matiere_id`);

--
-- Index pour la table `eleves`
--
ALTER TABLE `eleves`
  ADD PRIMARY KEY (`id`),
  ADD UNIQUE KEY `matricule` (`matricule`),
  ADD KEY `classe_id` (`classe_id`);

--
-- Index pour la table `matieres`
--
ALTER TABLE `matieres`
  ADD PRIMARY KEY (`id`);

--
-- Index pour la table `notes`
--
ALTER TABLE `notes`
  ADD PRIMARY KEY (`id`),
  ADD KEY `eleve_id` (`eleve_id`),
  ADD KEY `matiere_id` (`matiere_id`),
  ADD KEY `trimestre_id` (`trimestre_id`),
  ADD KEY `annee_id` (`annee_id`);

--
-- Index pour la table `parametres`
--
ALTER TABLE `parametres`
  ADD PRIMARY KEY (`id`),
  ADD UNIQUE KEY `cle` (`cle`);

--
-- Index pour la table `trimestres`
--
ALTER TABLE `trimestres`
  ADD PRIMARY KEY (`id`),
  ADD KEY `annee_id` (`annee_id`);

--
-- Index pour la table `utilisateurs`
--
ALTER TABLE `utilisateurs`
  ADD PRIMARY KEY (`id`),
  ADD UNIQUE KEY `nom_utilisateur` (`username`);

--
-- AUTO_INCREMENT pour les tables déchargées
--

--
-- AUTO_INCREMENT pour la table `annees_scolaires`
--
ALTER TABLE `annees_scolaires`
  MODIFY `id` int(11) NOT NULL AUTO_INCREMENT, AUTO_INCREMENT=4;

--
-- AUTO_INCREMENT pour la table `classes`
--
ALTER TABLE `classes`
  MODIFY `id` int(11) NOT NULL AUTO_INCREMENT, AUTO_INCREMENT=10;

--
-- AUTO_INCREMENT pour la table `classe_matiere`
--
ALTER TABLE `classe_matiere`
  MODIFY `id` int(11) NOT NULL AUTO_INCREMENT, AUTO_INCREMENT=81;

--
-- AUTO_INCREMENT pour la table `eleves`
--
ALTER TABLE `eleves`
  MODIFY `id` int(11) NOT NULL AUTO_INCREMENT, AUTO_INCREMENT=20;

--
-- AUTO_INCREMENT pour la table `matieres`
--
ALTER TABLE `matieres`
  MODIFY `id` int(11) NOT NULL AUTO_INCREMENT, AUTO_INCREMENT=46;

--
-- AUTO_INCREMENT pour la table `notes`
--
ALTER TABLE `notes`
  MODIFY `id` int(11) NOT NULL AUTO_INCREMENT, AUTO_INCREMENT=796;

--
-- AUTO_INCREMENT pour la table `parametres`
--
ALTER TABLE `parametres`
  MODIFY `id` int(11) NOT NULL AUTO_INCREMENT, AUTO_INCREMENT=6;

--
-- AUTO_INCREMENT pour la table `trimestres`
--
ALTER TABLE `trimestres`
  MODIFY `id` int(11) NOT NULL AUTO_INCREMENT, AUTO_INCREMENT=8;

--
-- AUTO_INCREMENT pour la table `utilisateurs`
--
ALTER TABLE `utilisateurs`
  MODIFY `id` int(11) NOT NULL AUTO_INCREMENT, AUTO_INCREMENT=3;

--
-- Contraintes pour les tables déchargées
--

--
-- Contraintes pour la table `classe_matiere`
--
ALTER TABLE `classe_matiere`
  ADD CONSTRAINT `classe_matiere_ibfk_1` FOREIGN KEY (`classe_id`) REFERENCES `classes` (`id`) ON DELETE CASCADE,
  ADD CONSTRAINT `classe_matiere_ibfk_2` FOREIGN KEY (`matiere_id`) REFERENCES `matieres` (`id`) ON DELETE CASCADE;

--
-- Contraintes pour la table `eleves`
--
ALTER TABLE `eleves`
  ADD CONSTRAINT `eleves_ibfk_1` FOREIGN KEY (`classe_id`) REFERENCES `classes` (`id`);

--
-- Contraintes pour la table `notes`
--
ALTER TABLE `notes`
  ADD CONSTRAINT `notes_ibfk_1` FOREIGN KEY (`eleve_id`) REFERENCES `eleves` (`id`),
  ADD CONSTRAINT `notes_ibfk_2` FOREIGN KEY (`matiere_id`) REFERENCES `matieres` (`id`),
  ADD CONSTRAINT `notes_ibfk_3` FOREIGN KEY (`trimestre_id`) REFERENCES `trimestres` (`id`),
  ADD CONSTRAINT `notes_ibfk_4` FOREIGN KEY (`annee_id`) REFERENCES `annees_scolaires` (`id`);

--
-- Contraintes pour la table `trimestres`
--
ALTER TABLE `trimestres`
  ADD CONSTRAINT `trimestres_ibfk_1` FOREIGN KEY (`annee_id`) REFERENCES `annees_scolaires` (`id`);
COMMIT;

/*!40101 SET CHARACTER_SET_CLIENT=@OLD_CHARACTER_SET_CLIENT */;
/*!40101 SET CHARACTER_SET_RESULTS=@OLD_CHARACTER_SET_RESULTS */;
/*!40101 SET COLLATION_CONNECTION=@OLD_COLLATION_CONNECTION */;
