-- phpMyAdmin SQL Dump
-- version 5.2.1
-- https://www.phpmyadmin.net/
--
-- Hôte : 127.0.0.1
-- Généré le : ven. 24 avr. 2026 à 15:11
-- Version du serveur : 10.4.32-MariaDB
-- Version de PHP : 8.0.30

SET SQL_MODE = "NO_AUTO_VALUE_ON_ZERO";
START TRANSACTION;
SET time_zone = "+00:00";


/*!40101 SET @OLD_CHARACTER_SET_CLIENT=@@CHARACTER_SET_CLIENT */;
/*!40101 SET @OLD_CHARACTER_SET_RESULTS=@@CHARACTER_SET_RESULTS */;
/*!40101 SET @OLD_COLLATION_CONNECTION=@@COLLATION_CONNECTION */;
/*!40101 SET NAMES utf8mb4 */;

--
-- Base de données : `gestion_ecole`
--

-- --------------------------------------------------------

--
-- Structure de la table `annees_scolaires`
--

CREATE TABLE `annees_scolaires` (
  `id` int(11) NOT NULL,
  `libelle` varchar(20) NOT NULL,
  `active` tinyint(1) DEFAULT 0
) ENGINE=InnoDB DEFAULT CHARSET=utf8mb4 COLLATE=utf8mb4_general_ci;

--
-- Déchargement des données de la table `annees_scolaires`
--

INSERT INTO `annees_scolaires` (`id`, `libelle`, `active`) VALUES
(4, '2025-2026', 1);

-- --------------------------------------------------------

--
-- Structure de la table `classes`
--

CREATE TABLE `classes` (
  `id` int(11) NOT NULL,
  `nom_classe` varchar(20) NOT NULL
) ENGINE=InnoDB DEFAULT CHARSET=utf8mb4 COLLATE=utf8mb4_general_ci;

--
-- Déchargement des données de la table `classes`
--

INSERT INTO `classes` (`id`, `nom_classe`) VALUES
(6, '2nde F4'),
(7, 'Terminale F4');

-- --------------------------------------------------------

--
-- Structure de la table `classe_matiere`
--

CREATE TABLE `classe_matiere` (
  `id` int(11) NOT NULL,
  `classe_id` int(11) NOT NULL,
  `matiere_id` int(11) NOT NULL,
  `coefficient` int(11) DEFAULT 1
) ENGINE=InnoDB DEFAULT CHARSET=utf8mb4 COLLATE=utf8mb4_general_ci;

--
-- Déchargement des données de la table `classe_matiere`
--

INSERT INTO `classe_matiere` (`id`, `classe_id`, `matiere_id`, `coefficient`) VALUES
(2, 6, 17, 2),
(3, 6, 18, 3),
(4, 6, 19, 3),
(5, 6, 20, 2),
(6, 6, 21, 4),
(7, 6, 22, 2),
(8, 6, 23, 2),
(9, 6, 24, 2),
(10, 6, 25, 2),
(11, 6, 26, 2),
(12, 6, 27, 8),
(13, 7, 17, 3),
(14, 7, 20, 2),
(15, 7, 18, 3),
(16, 7, 19, 3),
(17, 7, 21, 4),
(18, 7, 28, 3),
(19, 7, 25, 2),
(20, 7, 29, 3),
(21, 7, 30, 2),
(22, 7, 31, 2),
(23, 6, 32, 1),
(24, 7, 32, 1),
(25, 6, 33, 2);

-- --------------------------------------------------------

--
-- Structure de la table `eleves`
--

CREATE TABLE `eleves` (
  `id` int(11) NOT NULL,
  `matricule` varchar(30) DEFAULT NULL,
  `nom` varchar(50) DEFAULT NULL,
  `prenom` varchar(50) DEFAULT NULL,
  `classe_id` int(11) DEFAULT NULL,
  `date_naissance` date NOT NULL,
  `lieu_naissance` varchar(100) NOT NULL,
  `sexe` enum('M','F') NOT NULL
) ENGINE=InnoDB DEFAULT CHARSET=utf8mb4 COLLATE=utf8mb4_general_ci;

--
-- Déchargement des données de la table `eleves`
--

INSERT INTO `eleves` (`id`, `matricule`, `nom`, `prenom`, `classe_id`, `date_naissance`, `lieu_naissance`, `sexe`) VALUES
(5, 'MT001', 'DJEMEY', 'Joseph P.', 6, '2026-04-24', 'Cotonou', 'M'),
(6, 'MT002', 'GANDAHO', 'Prudence', 6, '2026-04-24', 'Cotonou', 'M'),
(7, 'MT003', 'LANKOUTIN', 'Josias', 6, '2026-04-24', 'Zogbo', 'M'),
(8, 'MT004', 'TAKOBODJOU', 'Pynhas', 6, '2026-04-24', 'Cotonou', 'M'),
(9, 'MT006', 'ADJALALA', 'Moufid', 7, '2026-04-24', 'Cotonou', 'M'),
(10, 'MT005', 'AGOKOU', 'Sylvain', 7, '2026-04-24', 'Cotonou', 'M'),
(11, 'MT007', 'ATROKPO', 'Charmel', 7, '2026-04-24', 'Cotonou', 'M'),
(12, 'MT008', 'BOBANI', 'Rosalesse', 7, '2026-04-24', 'Cotonou', 'M'),
(13, 'MT010', 'DEKOUDJE', 'Mariam Prisca', 7, '2026-04-24', 'Cotonou', 'F'),
(14, 'MT011', 'HOUESSINON', 'Hermione', 7, '2026-04-24', 'Cotonou', 'F'),
(15, 'MT012', 'IMOROU', 'Ramziath', 7, '2026-04-24', 'Cotonou', 'F'),
(16, 'MT013', 'KOKPON', 'Salimanth', 7, '2026-04-24', 'Cotonou', 'F'),
(17, 'MT014', 'KOUMADOLI', 'Fructueux', 7, '2026-04-24', 'Cotonou', 'M'),
(18, 'MT015', 'OGA', 'Steev', 7, '2026-04-24', 'Cotonou', 'M');

-- --------------------------------------------------------

--
-- Structure de la table `matieres`
--

CREATE TABLE `matieres` (
  `id` int(11) NOT NULL,
  `nom_matiere` varchar(50) DEFAULT NULL,
  `coefficient` int(11) DEFAULT 1
) ENGINE=InnoDB DEFAULT CHARSET=utf8mb4 COLLATE=utf8mb4_general_ci;

--
-- Déchargement des données de la table `matieres`
--

INSERT INTO `matieres` (`id`, `nom_matiere`, `coefficient`) VALUES
(17, 'Français', 1),
(18, 'Mathématiques', 1),
(19, 'Sciences Physiques et Technologiques', 1),
(20, 'Anglais', 1),
(21, 'Dessin Technique', 1),
(22, 'Technologie de Construction', 1),
(23, 'Technologie de Matériel', 1),
(24, 'Maths Appliquées', 1),
(25, 'Avant-mètre et Prix', 1),
(26, 'Statique Graphique', 1),
(27, 'Travaux Pratiques', 1),
(28, 'Projet d\'Exploitation', 1),
(29, 'Résistance des Matériaux', 1),
(30, 'Béton Armé', 1),
(31, 'Procédés de Construction', 1),
(32, 'Conduite', 1),
(33, 'Sols et Matériaux de Construction', 1);

-- --------------------------------------------------------

--
-- Structure de la table `notes`
--

CREATE TABLE `notes` (
  `id` int(11) NOT NULL,
  `eleve_id` int(11) NOT NULL,
  `matiere_id` int(11) NOT NULL,
  `type_note` enum('interro','mini_dev','dev_hebdo','compo') NOT NULL,
  `numero_interro` int(11) DEFAULT NULL,
  `note` decimal(4,2) NOT NULL,
  `date_note` date DEFAULT NULL,
  `trimestre_id` int(11) DEFAULT NULL,
  `annee_id` int(11) DEFAULT NULL
) ENGINE=InnoDB DEFAULT CHARSET=utf8mb4 COLLATE=utf8mb4_general_ci;

--
-- Déchargement des données de la table `notes`
--

INSERT INTO `notes` (`id`, `eleve_id`, `matiere_id`, `type_note`, `numero_interro`, `note`, `date_note`, `trimestre_id`, `annee_id`) VALUES
(14, 5, 22, 'interro', 1, 18.00, '2026-04-24', 6, 4),
(15, 5, 22, 'interro', 2, 18.00, '2026-04-24', 6, 4),
(16, 5, 22, 'interro', 3, 14.00, '2026-04-24', 6, 4),
(17, 5, 22, 'dev_hebdo', NULL, 18.50, '2026-04-24', 6, 4),
(18, 5, 22, 'mini_dev', NULL, 13.50, '2026-04-24', 6, 4),
(19, 5, 22, 'compo', NULL, 15.75, '2026-04-24', 6, 4),
(20, 6, 22, 'interro', 1, 11.00, '2026-04-24', 6, 4),
(21, 6, 22, 'interro', 2, 18.00, '2026-04-24', 6, 4),
(22, 6, 22, 'interro', 3, 16.00, '2026-04-24', 6, 4),
(23, 6, 22, 'dev_hebdo', NULL, 17.00, '2026-04-24', 6, 4),
(24, 6, 22, 'mini_dev', NULL, 12.00, '2026-04-24', 6, 4),
(25, 6, 22, 'compo', NULL, 15.00, '2026-04-24', 6, 4),
(26, 7, 22, 'interro', 1, 10.00, '2026-04-24', 6, 4),
(27, 7, 22, 'interro', 2, 14.00, '2026-04-24', 6, 4),
(28, 7, 22, 'interro', 3, 16.00, '2026-04-24', 6, 4),
(29, 7, 22, 'dev_hebdo', NULL, 10.00, '2026-04-24', 6, 4),
(30, 7, 22, 'mini_dev', NULL, 10.25, '2026-04-24', 6, 4),
(31, 7, 22, 'compo', NULL, 15.00, '2026-04-24', 6, 4),
(32, 8, 22, 'interro', 1, 14.00, '2026-04-24', 6, 4),
(33, 8, 22, 'interro', 2, 18.00, '2026-04-24', 6, 4),
(34, 8, 22, 'interro', 3, 18.00, '2026-04-24', 6, 4),
(35, 8, 22, 'dev_hebdo', NULL, 12.00, '2026-04-24', 6, 4),
(36, 8, 22, 'mini_dev', NULL, 16.00, '2026-04-24', 6, 4),
(37, 8, 22, 'compo', NULL, 18.50, '2026-04-24', 6, 4),
(38, 5, 26, 'interro', 1, 1.00, '2026-04-24', 6, 4),
(39, 5, 26, 'interro', 2, 16.00, '2026-04-24', 6, 4),
(40, 5, 26, 'dev_hebdo', NULL, 8.00, '2026-04-24', 6, 4),
(41, 5, 26, 'mini_dev', NULL, 5.00, '2026-04-24', 6, 4),
(42, 5, 26, 'compo', NULL, 15.00, '2026-04-24', 6, 4),
(43, 6, 26, 'interro', 1, 2.00, '2026-04-24', 6, 4),
(44, 6, 26, 'interro', 2, 16.00, '2026-04-24', 6, 4),
(45, 6, 26, 'dev_hebdo', NULL, 3.00, '2026-04-24', 6, 4),
(46, 6, 26, 'mini_dev', NULL, 9.00, '2026-04-24', 6, 4),
(47, 6, 26, 'compo', NULL, 10.50, '2026-04-24', 6, 4),
(48, 7, 26, 'interro', 1, 8.00, '2026-04-24', 6, 4),
(49, 7, 26, 'dev_hebdo', NULL, 13.25, '2026-04-24', 6, 4),
(50, 7, 26, 'mini_dev', NULL, 16.00, '2026-04-24', 6, 4),
(51, 7, 26, 'compo', NULL, 19.00, '2026-04-24', 6, 4),
(52, 8, 26, 'interro', 1, 6.00, '2026-04-24', 6, 4),
(53, 8, 26, 'interro', 2, 20.00, '2026-04-24', 6, 4),
(54, 8, 26, 'dev_hebdo', NULL, 17.50, '2026-04-24', 6, 4),
(55, 8, 26, 'mini_dev', NULL, 20.00, '2026-04-24', 6, 4),
(56, 8, 26, 'compo', NULL, 19.99, '2026-04-24', 6, 4),
(57, 5, 19, 'interro', 1, 6.00, '2026-04-24', 6, 4),
(58, 5, 19, 'interro', 2, 6.00, '2026-04-24', 6, 4),
(59, 5, 19, 'dev_hebdo', NULL, 9.00, '2026-04-24', 6, 4),
(60, 5, 19, 'mini_dev', NULL, 7.00, '2026-04-24', 6, 4),
(61, 5, 19, 'compo', NULL, 6.00, '2026-04-24', 6, 4),
(62, 6, 19, 'interro', 1, 10.00, '2026-04-24', 6, 4),
(63, 6, 19, 'interro', 2, 11.00, '2026-04-24', 6, 4),
(64, 6, 19, 'dev_hebdo', NULL, 6.00, '2026-04-24', 6, 4),
(65, 6, 19, 'mini_dev', NULL, 10.00, '2026-04-24', 6, 4),
(66, 6, 19, 'compo', NULL, 7.00, '2026-04-24', 6, 4),
(67, 7, 19, 'interro', 1, 13.00, '2026-04-24', 6, 4),
(68, 7, 19, 'interro', 2, 18.00, '2026-04-24', 6, 4),
(69, 7, 19, 'dev_hebdo', NULL, 9.00, '2026-04-24', 6, 4),
(70, 7, 19, 'mini_dev', NULL, 9.00, '2026-04-24', 6, 4),
(71, 7, 19, 'compo', NULL, 5.00, '2026-04-24', 6, 4),
(72, 8, 19, 'interro', 1, 15.00, '2026-04-24', 6, 4),
(73, 8, 19, 'interro', 2, 19.00, '2026-04-24', 6, 4),
(74, 8, 19, 'dev_hebdo', NULL, 8.00, '2026-04-24', 6, 4),
(75, 8, 19, 'mini_dev', NULL, 16.00, '2026-04-24', 6, 4),
(76, 8, 19, 'compo', NULL, 12.00, '2026-04-24', 6, 4),
(78, 5, 27, 'interro', 2, 10.00, '2026-04-24', 6, 4),
(79, 5, 27, 'interro', 3, 11.00, '2026-04-24', 6, 4),
(80, 5, 27, 'interro', 4, 13.00, '2026-04-24', 6, 4),
(81, 5, 27, 'dev_hebdo', NULL, 11.00, '2026-04-24', 6, 4),
(82, 5, 27, 'mini_dev', NULL, 8.00, '2026-04-24', 6, 4),
(83, 5, 27, 'compo', NULL, 12.00, '2026-04-24', 6, 4),
(84, 6, 27, 'interro', 1, 12.00, '2026-04-24', 6, 4),
(85, 6, 27, 'interro', 2, 15.00, '2026-04-24', 6, 4),
(86, 6, 27, 'interro', 3, 13.00, '2026-04-24', 6, 4),
(87, 6, 27, 'dev_hebdo', NULL, 14.00, '2026-04-24', 6, 4),
(88, 6, 27, 'mini_dev', NULL, 8.00, '2026-04-24', 6, 4),
(89, 6, 27, 'compo', NULL, 13.50, '2026-04-24', 6, 4),
(90, 7, 27, 'interro', 1, 12.00, '2026-04-24', 6, 4),
(91, 7, 27, 'interro', 2, 12.50, '2026-04-24', 6, 4),
(92, 7, 27, 'interro', 3, 13.00, '2026-04-24', 6, 4),
(93, 7, 27, 'dev_hebdo', NULL, 12.00, '2026-04-24', 6, 4),
(94, 7, 27, 'mini_dev', NULL, 8.00, '2026-04-24', 6, 4),
(95, 7, 27, 'compo', NULL, 12.50, '2026-04-24', 6, 4),
(96, 8, 27, 'interro', 1, 11.00, '2026-04-24', 6, 4),
(97, 8, 27, 'interro', 2, 13.00, '2026-04-24', 6, 4),
(98, 8, 27, 'interro', 3, 13.00, '2026-04-24', 6, 4),
(99, 8, 27, 'dev_hebdo', NULL, 14.50, '2026-04-24', 6, 4),
(100, 8, 27, 'mini_dev', NULL, 8.00, '2026-04-24', 6, 4),
(101, 8, 27, 'compo', NULL, 14.50, '2026-04-24', 6, 4),
(102, 5, 18, 'interro', 1, 8.00, '2026-04-24', 6, 4),
(103, 5, 18, 'interro', 2, 8.00, '2026-04-24', 6, 4),
(104, 5, 18, 'dev_hebdo', NULL, 10.00, '2026-04-24', 6, 4),
(105, 5, 18, 'mini_dev', NULL, 8.00, '2026-04-24', 6, 4),
(106, 5, 18, 'compo', NULL, 2.00, '2026-04-24', 6, 4),
(107, 6, 18, 'interro', 1, 2.00, '2026-04-24', 6, 4),
(108, 6, 18, 'interro', 2, 8.00, '2026-04-24', 6, 4),
(109, 6, 18, 'dev_hebdo', NULL, 12.00, '2026-04-24', 6, 4),
(110, 6, 18, 'mini_dev', NULL, 10.00, '2026-04-24', 6, 4),
(111, 6, 18, 'compo', NULL, 6.00, '2026-04-24', 6, 4),
(112, 7, 18, 'interro', 1, 10.00, '2026-04-24', 6, 4),
(113, 7, 18, 'interro', 2, 14.00, '2026-04-24', 6, 4),
(114, 7, 18, 'dev_hebdo', NULL, 10.00, '2026-04-24', 6, 4),
(115, 7, 18, 'mini_dev', NULL, 14.00, '2026-04-24', 6, 4),
(116, 7, 18, 'compo', NULL, 17.00, '2026-04-24', 6, 4),
(117, 8, 18, 'interro', 1, 16.00, '2026-04-24', 6, 4),
(118, 8, 18, 'interro', 2, 20.00, '2026-04-24', 6, 4),
(119, 8, 18, 'dev_hebdo', NULL, 16.00, '2026-04-24', 6, 4),
(120, 8, 18, 'mini_dev', NULL, 16.00, '2026-04-24', 6, 4),
(121, 8, 18, 'compo', NULL, 20.00, '2026-04-24', 6, 4),
(122, 5, 23, 'interro', 1, 20.00, '2026-04-24', 6, 4),
(123, 5, 23, 'interro', 2, 16.00, '2026-04-24', 6, 4),
(124, 5, 23, 'interro', 3, 20.00, '2026-04-24', 6, 4),
(125, 5, 23, 'dev_hebdo', NULL, 18.50, '2026-04-24', 6, 4),
(126, 5, 23, 'mini_dev', NULL, 15.75, '2026-04-24', 6, 4),
(127, 5, 23, 'compo', NULL, 18.00, '2026-04-24', 6, 4),
(128, 6, 23, 'interro', 1, 17.00, '2026-04-24', 6, 4),
(129, 6, 23, 'interro', 2, 18.00, '2026-04-24', 6, 4),
(130, 6, 23, 'interro', 3, 17.00, '2026-04-24', 6, 4),
(131, 6, 23, 'dev_hebdo', NULL, 12.75, '2026-04-24', 6, 4),
(132, 6, 23, 'mini_dev', NULL, 16.50, '2026-04-24', 6, 4),
(133, 6, 23, 'compo', NULL, 15.50, '2026-04-24', 6, 4),
(134, 7, 23, 'interro', 1, 11.00, '2026-04-24', 6, 4),
(135, 7, 23, 'interro', 2, 18.00, '2026-04-24', 6, 4),
(136, 7, 23, 'interro', 3, 16.00, '2026-04-24', 6, 4),
(137, 7, 23, 'dev_hebdo', NULL, 11.25, '2026-04-24', 6, 4),
(138, 7, 23, 'mini_dev', NULL, 10.25, '2026-04-24', 6, 4),
(139, 7, 23, 'compo', NULL, 15.50, '2026-04-24', 6, 4),
(140, 8, 23, 'interro', 1, 20.00, '2026-04-24', 6, 4),
(141, 8, 23, 'interro', 2, 18.00, '2026-04-24', 6, 4),
(142, 8, 23, 'interro', 3, 16.00, '2026-04-24', 6, 4),
(143, 8, 23, 'dev_hebdo', NULL, 14.00, '2026-04-24', 6, 4),
(144, 8, 23, 'mini_dev', NULL, 13.50, '2026-04-24', 6, 4),
(145, 8, 23, 'compo', NULL, 18.50, '2026-04-24', 6, 4),
(146, 5, 21, 'interro', 1, 9.00, '2026-04-24', 6, 4),
(147, 5, 21, 'interro', 2, 8.00, '2026-04-24', 6, 4),
(148, 5, 21, 'interro', 3, 2.00, '2026-04-24', 6, 4),
(149, 5, 21, 'dev_hebdo', NULL, 8.00, '2026-04-24', 6, 4),
(150, 5, 21, 'mini_dev', NULL, 8.00, '2026-04-24', 6, 4),
(151, 5, 21, 'compo', NULL, 8.00, '2026-04-24', 6, 4),
(152, 6, 21, 'interro', 1, 16.00, '2026-04-24', 6, 4),
(153, 6, 21, 'interro', 2, 12.50, '2026-04-24', 6, 4),
(154, 6, 21, 'interro', 3, 11.00, '2026-04-24', 6, 4),
(155, 6, 21, 'dev_hebdo', NULL, 14.50, '2026-04-24', 6, 4),
(156, 6, 21, 'mini_dev', NULL, 11.00, '2026-04-24', 6, 4),
(157, 6, 21, 'compo', NULL, 12.50, '2026-04-24', 6, 4),
(158, 7, 21, 'interro', 1, 14.00, '2026-04-24', 6, 4),
(159, 7, 21, 'interro', 2, 15.00, '2026-04-24', 6, 4),
(160, 7, 21, 'interro', 3, 12.00, '2026-04-24', 6, 4),
(161, 7, 21, 'dev_hebdo', NULL, 14.00, '2026-04-24', 6, 4),
(162, 7, 21, 'mini_dev', NULL, 15.00, '2026-04-24', 6, 4),
(163, 7, 21, 'compo', NULL, 12.00, '2026-04-24', 6, 4),
(164, 8, 21, 'interro', 1, 14.00, '2026-04-24', 6, 4),
(165, 8, 21, 'interro', 2, 18.00, '2026-04-24', 6, 4),
(166, 8, 21, 'interro', 3, 14.00, '2026-04-24', 6, 4),
(167, 8, 21, 'dev_hebdo', NULL, 11.00, '2026-04-24', 6, 4),
(168, 8, 21, 'mini_dev', NULL, 16.50, '2026-04-24', 6, 4),
(169, 8, 21, 'compo', NULL, 15.50, '2026-04-24', 6, 4),
(170, 5, 25, 'interro', 1, 10.00, '2026-04-24', 6, 4),
(171, 5, 25, 'interro', 2, 11.00, '2026-04-24', 6, 4),
(172, 5, 25, 'dev_hebdo', NULL, 12.00, '2026-04-24', 6, 4),
(173, 5, 25, 'mini_dev', NULL, 13.00, '2026-04-24', 6, 4),
(174, 5, 25, 'compo', NULL, 11.00, '2026-04-24', 6, 4),
(175, 6, 25, 'interro', 1, 12.00, '2026-04-24', 6, 4),
(176, 6, 25, 'interro', 2, 13.00, '2026-04-24', 6, 4),
(177, 6, 25, 'dev_hebdo', NULL, 13.00, '2026-04-24', 6, 4),
(178, 6, 25, 'mini_dev', NULL, 12.00, '2026-04-24', 6, 4),
(179, 6, 25, 'compo', NULL, 13.00, '2026-04-24', 6, 4),
(180, 7, 25, 'interro', 1, 13.00, '2026-04-24', 6, 4),
(181, 7, 25, 'interro', 2, 14.00, '2026-04-24', 6, 4),
(182, 7, 25, 'dev_hebdo', NULL, 13.00, '2026-04-24', 6, 4),
(183, 7, 25, 'mini_dev', NULL, 14.00, '2026-04-24', 6, 4),
(184, 7, 25, 'compo', NULL, 15.00, '2026-04-24', 6, 4),
(185, 8, 25, 'interro', 1, 14.00, '2026-04-24', 6, 4),
(186, 8, 25, 'interro', 2, 12.00, '2026-04-24', 6, 4),
(187, 8, 25, 'dev_hebdo', NULL, 17.00, '2026-04-24', 6, 4),
(188, 8, 25, 'mini_dev', NULL, 13.00, '2026-04-24', 6, 4),
(189, 8, 25, 'compo', NULL, 15.83, '2026-04-24', 6, 4),
(190, 5, 24, 'interro', 1, 10.00, '2026-04-24', 6, 4),
(191, 5, 24, 'interro', 2, 11.00, '2026-04-24', 6, 4),
(192, 5, 24, 'dev_hebdo', NULL, 11.00, '2026-04-24', 6, 4),
(193, 5, 24, 'mini_dev', NULL, 10.00, '2026-04-24', 6, 4),
(194, 5, 24, 'compo', NULL, 10.00, '2026-04-24', 6, 4),
(195, 6, 24, 'interro', 1, 12.00, '2026-04-24', 6, 4),
(196, 6, 24, 'interro', 2, 13.00, '2026-04-24', 6, 4),
(197, 6, 24, 'dev_hebdo', NULL, 11.00, '2026-04-24', 6, 4),
(198, 6, 24, 'mini_dev', NULL, 10.00, '2026-04-24', 6, 4),
(199, 6, 24, 'compo', NULL, 13.00, '2026-04-24', 6, 4),
(200, 7, 24, 'interro', 1, 13.00, '2026-04-24', 6, 4),
(201, 7, 24, 'interro', 2, 13.00, '2026-04-24', 6, 4),
(202, 7, 24, 'dev_hebdo', NULL, 13.00, '2026-04-24', 6, 4),
(203, 7, 24, 'mini_dev', NULL, 12.00, '2026-04-24', 6, 4),
(204, 7, 24, 'compo', NULL, 10.00, '2026-04-24', 6, 4),
(205, 8, 24, 'interro', 1, 12.00, '2026-04-24', 6, 4),
(206, 8, 24, 'interro', 2, 12.00, '2026-04-24', 6, 4),
(207, 8, 24, 'dev_hebdo', NULL, 16.00, '2026-04-24', 6, 4),
(208, 8, 24, 'mini_dev', NULL, 15.00, '2026-04-24', 6, 4),
(209, 8, 24, 'compo', NULL, 14.99, '2026-04-24', 6, 4),
(210, 5, 20, 'interro', 1, 15.00, '2026-04-24', 6, 4),
(211, 5, 20, 'interro', 2, 10.00, '2026-04-24', 6, 4),
(212, 5, 20, 'dev_hebdo', NULL, 12.50, '2026-04-24', 6, 4),
(213, 5, 20, 'mini_dev', NULL, 11.00, '2026-04-24', 6, 4),
(214, 5, 20, 'compo', NULL, 9.00, '2026-04-24', 6, 4),
(215, 6, 20, 'interro', 1, 1.00, '2026-04-24', 6, 4),
(216, 6, 20, 'interro', 2, 6.00, '2026-04-24', 6, 4),
(217, 6, 20, 'dev_hebdo', NULL, 12.50, '2026-04-24', 6, 4),
(218, 6, 20, 'mini_dev', NULL, 10.00, '2026-04-24', 6, 4),
(219, 6, 20, 'compo', NULL, 11.00, '2026-04-24', 6, 4),
(220, 7, 20, 'interro', 1, 10.00, '2026-04-24', 6, 4),
(221, 7, 20, 'interro', 2, 1.00, '2026-04-24', 6, 4),
(222, 7, 20, 'dev_hebdo', NULL, 14.00, '2026-04-24', 6, 4),
(223, 7, 20, 'mini_dev', NULL, 5.00, '2026-04-24', 6, 4),
(224, 7, 20, 'compo', NULL, 11.50, '2026-04-24', 6, 4),
(225, 8, 20, 'interro', 1, 10.00, '2026-04-24', 6, 4),
(226, 8, 20, 'interro', 2, 10.00, '2026-04-24', 6, 4),
(227, 8, 20, 'dev_hebdo', NULL, 14.00, '2026-04-24', 6, 4),
(228, 8, 20, 'mini_dev', NULL, 8.00, '2026-04-24', 6, 4),
(229, 8, 20, 'compo', NULL, 12.00, '2026-04-24', 6, 4),
(230, 5, 33, 'interro', 1, 14.00, '2026-04-24', 6, 4),
(231, 5, 33, 'interro', 2, 14.00, '2026-04-24', 6, 4),
(232, 5, 33, 'interro', 3, 19.00, '2026-04-24', 6, 4),
(233, 5, 33, 'dev_hebdo', NULL, 11.00, '2026-04-24', 6, 4),
(234, 5, 33, 'mini_dev', NULL, 14.00, '2026-04-24', 6, 4),
(235, 5, 33, 'compo', NULL, 17.49, '2026-04-24', 6, 4),
(236, 6, 33, 'interro', 1, 13.00, '2026-04-24', 6, 4),
(237, 6, 33, 'interro', 2, 14.00, '2026-04-24', 6, 4),
(238, 6, 33, 'interro', 3, 15.00, '2026-04-24', 6, 4),
(239, 6, 33, 'dev_hebdo', NULL, 14.00, '2026-04-24', 6, 4),
(240, 6, 33, 'mini_dev', NULL, 15.25, '2026-04-24', 6, 4),
(241, 6, 33, 'compo', NULL, 14.00, '2026-04-24', 6, 4),
(242, 7, 33, 'interro', 1, 14.00, '2026-04-24', 6, 4),
(243, 7, 33, 'interro', 2, 15.00, '2026-04-24', 6, 4),
(244, 7, 33, 'interro', 3, 19.00, '2026-04-24', 6, 4),
(245, 7, 33, 'dev_hebdo', NULL, 12.25, '2026-04-24', 6, 4),
(246, 7, 33, 'mini_dev', NULL, 14.75, '2026-04-24', 6, 4),
(247, 7, 33, 'compo', NULL, 15.50, '2026-04-24', 6, 4),
(248, 8, 33, 'interro', 1, 14.00, '2026-04-24', 6, 4),
(249, 8, 33, 'interro', 2, 15.00, '2026-04-24', 6, 4),
(250, 8, 33, 'interro', 3, 19.00, '2026-04-24', 6, 4),
(251, 8, 33, 'dev_hebdo', NULL, 14.00, '2026-04-24', 6, 4),
(252, 8, 33, 'mini_dev', NULL, 17.25, '2026-04-24', 6, 4),
(253, 8, 33, 'compo', NULL, 17.50, '2026-04-24', 6, 4),
(254, 5, 17, 'interro', 1, 12.00, '2026-04-24', 6, 4),
(255, 5, 17, 'interro', 2, 12.00, '2026-04-24', 6, 4),
(256, 5, 17, 'interro', 3, 12.00, '2026-04-24', 6, 4),
(257, 5, 17, 'dev_hebdo', NULL, 12.00, '2026-04-24', 6, 4),
(258, 5, 17, 'mini_dev', NULL, 12.00, '2026-04-24', 6, 4),
(259, 5, 17, 'compo', NULL, 12.00, '2026-04-24', 6, 4),
(260, 6, 17, 'interro', 1, 14.00, '2026-04-24', 6, 4),
(261, 6, 17, 'interro', 2, 0.00, '2026-04-24', 6, 4),
(262, 6, 17, 'interro', 3, 12.00, '2026-04-24', 6, 4),
(263, 6, 17, 'dev_hebdo', NULL, 13.00, '2026-04-24', 6, 4),
(264, 6, 17, 'mini_dev', NULL, 15.00, '2026-04-24', 6, 4),
(265, 6, 17, 'compo', NULL, 14.00, '2026-04-24', 6, 4),
(266, 7, 17, 'interro', 1, 10.00, '2026-04-24', 6, 4),
(267, 7, 17, 'interro', 2, 12.00, '2026-04-24', 6, 4),
(268, 7, 17, 'interro', 3, 12.00, '2026-04-24', 6, 4),
(269, 7, 17, 'dev_hebdo', NULL, 7.00, '2026-04-24', 6, 4),
(270, 7, 17, 'mini_dev', NULL, 13.00, '2026-04-24', 6, 4),
(271, 7, 17, 'compo', NULL, 13.00, '2026-04-24', 6, 4),
(272, 8, 17, 'interro', 1, 11.50, '2026-04-24', 6, 4),
(273, 8, 17, 'interro', 2, 12.00, '2026-04-24', 6, 4),
(274, 8, 17, 'interro', 3, 12.00, '2026-04-24', 6, 4),
(275, 8, 17, 'dev_hebdo', NULL, 8.00, '2026-04-24', 6, 4),
(276, 8, 17, 'mini_dev', NULL, 15.00, '2026-04-24', 6, 4),
(277, 8, 17, 'compo', NULL, 12.98, '2026-04-24', 6, 4),
(278, 9, 29, 'interro', 1, 8.00, '2026-04-24', 6, 4),
(279, 9, 29, 'interro', 2, 11.00, '2026-04-24', 6, 4),
(280, 9, 29, 'dev_hebdo', NULL, 5.00, '2026-04-24', 6, 4),
(281, 9, 29, 'mini_dev', NULL, 5.00, '2026-04-24', 6, 4),
(282, 9, 29, 'compo', NULL, 9.00, '2026-04-24', 6, 4),
(283, 10, 29, 'interro', 1, 7.00, '2026-04-24', 6, 4),
(284, 10, 29, 'dev_hebdo', NULL, 5.00, '2026-04-24', 6, 4),
(285, 10, 29, 'mini_dev', NULL, 7.00, '2026-04-24', 6, 4),
(286, 10, 29, 'compo', NULL, 5.00, '2026-04-24', 6, 4),
(287, 11, 29, 'interro', 1, 15.00, '2026-04-24', 6, 4),
(288, 11, 29, 'interro', 2, 13.00, '2026-04-24', 6, 4),
(289, 11, 29, 'dev_hebdo', NULL, 17.00, '2026-04-24', 6, 4),
(290, 11, 29, 'mini_dev', NULL, 15.00, '2026-04-24', 6, 4),
(291, 11, 29, 'compo', NULL, 17.00, '2026-04-24', 6, 4),
(292, 12, 29, 'interro', 1, 5.00, '2026-04-24', 6, 4),
(293, 12, 29, 'interro', 2, 11.00, '2026-04-24', 6, 4),
(294, 12, 29, 'dev_hebdo', NULL, 12.00, '2026-04-24', 6, 4),
(295, 12, 29, 'mini_dev', NULL, 7.00, '2026-04-24', 6, 4),
(296, 12, 29, 'compo', NULL, 10.00, '2026-04-24', 6, 4),
(297, 13, 29, 'interro', 1, 5.00, '2026-04-24', 6, 4),
(298, 13, 29, 'interro', 2, 13.00, '2026-04-24', 6, 4),
(299, 13, 29, 'dev_hebdo', NULL, 16.00, '2026-04-24', 6, 4),
(300, 13, 29, 'mini_dev', NULL, 12.00, '2026-04-24', 6, 4),
(301, 13, 29, 'compo', NULL, 11.00, '2026-04-24', 6, 4),
(302, 14, 29, 'interro', 1, 8.00, '2026-04-24', 6, 4),
(303, 14, 29, 'interro', 2, 13.00, '2026-04-24', 6, 4),
(304, 14, 29, 'dev_hebdo', NULL, 10.00, '2026-04-24', 6, 4),
(305, 14, 29, 'mini_dev', NULL, 7.00, '2026-04-24', 6, 4),
(306, 14, 29, 'compo', NULL, 11.00, '2026-04-24', 6, 4),
(307, 15, 29, 'interro', 1, 5.00, '2026-04-24', 6, 4),
(308, 15, 29, 'interro', 2, 14.00, '2026-04-24', 6, 4),
(309, 15, 29, 'dev_hebdo', NULL, 5.00, '2026-04-24', 6, 4),
(310, 15, 29, 'mini_dev', NULL, 5.00, '2026-04-24', 6, 4),
(311, 15, 29, 'compo', NULL, 13.00, '2026-04-24', 6, 4),
(312, 16, 29, 'interro', 1, 10.00, '2026-04-24', 6, 4),
(313, 16, 29, 'interro', 2, 11.00, '2026-04-24', 6, 4),
(314, 16, 29, 'dev_hebdo', NULL, 12.00, '2026-04-24', 6, 4),
(315, 16, 29, 'mini_dev', NULL, 12.00, '2026-04-24', 6, 4),
(316, 16, 29, 'compo', NULL, 10.00, '2026-04-24', 6, 4),
(317, 18, 29, 'interro', 1, 7.00, '2026-04-24', 6, 4),
(318, 18, 29, 'interro', 2, 11.00, '2026-04-24', 6, 4),
(319, 18, 29, 'dev_hebdo', NULL, 5.00, '2026-04-24', 6, 4),
(320, 18, 29, 'mini_dev', NULL, 8.00, '2026-04-24', 6, 4),
(321, 18, 29, 'compo', NULL, 4.00, '2026-04-24', 6, 4),
(322, 9, 30, 'interro', 1, 8.00, '2026-04-24', 6, 4),
(323, 9, 30, 'interro', 2, 10.00, '2026-04-24', 6, 4),
(324, 9, 30, 'dev_hebdo', NULL, 5.00, '2026-04-24', 6, 4),
(325, 9, 30, 'mini_dev', NULL, 5.00, '2026-04-24', 6, 4),
(326, 9, 30, 'compo', NULL, 6.00, '2026-04-24', 6, 4),
(327, 10, 30, 'interro', 1, 5.00, '2026-04-24', 6, 4),
(328, 11, 30, 'interro', 1, 12.00, '2026-04-24', 6, 4),
(329, 11, 30, 'interro', 2, 8.00, '2026-04-24', 6, 4),
(330, 12, 30, 'interro', 1, 2.00, '2026-04-24', 6, 4),
(331, 12, 30, 'interro', 2, 5.00, '2026-04-24', 6, 4),
(332, 13, 30, 'interro', 1, 8.00, '2026-04-24', 6, 4),
(333, 13, 30, 'interro', 2, 8.00, '2026-04-24', 6, 4),
(334, 14, 30, 'interro', 1, 15.00, '2026-04-24', 6, 4),
(335, 14, 30, 'interro', 2, 8.00, '2026-04-24', 6, 4),
(336, 15, 30, 'interro', 1, 6.00, '2026-04-24', 6, 4),
(337, 15, 30, 'interro', 2, 12.00, '2026-04-24', 6, 4),
(338, 16, 30, 'interro', 1, 17.00, '2026-04-24', 6, 4),
(339, 16, 30, 'interro', 2, 8.00, '2026-04-24', 6, 4),
(340, 18, 30, 'interro', 1, 8.00, '2026-04-24', 6, 4),
(341, 18, 30, 'interro', 2, 8.00, '2026-04-24', 6, 4),
(342, 10, 30, 'dev_hebdo', NULL, 5.00, '2026-04-24', 6, 4),
(343, 10, 30, 'mini_dev', NULL, 5.00, '2026-04-24', 6, 4),
(344, 10, 30, 'compo', NULL, 2.00, '2026-04-24', 6, 4),
(345, 11, 30, 'dev_hebdo', NULL, 14.00, '2026-04-24', 6, 4),
(346, 11, 30, 'mini_dev', NULL, 12.00, '2026-04-24', 6, 4),
(347, 11, 30, 'compo', NULL, 15.00, '2026-04-24', 6, 4),
(348, 12, 30, 'dev_hebdo', NULL, 5.00, '2026-04-24', 6, 4),
(349, 12, 30, 'mini_dev', NULL, 5.00, '2026-04-24', 6, 4),
(350, 12, 30, 'compo', NULL, 2.00, '2026-04-24', 6, 4),
(351, 13, 30, 'dev_hebdo', NULL, 5.00, '2026-04-24', 6, 4),
(352, 13, 30, 'mini_dev', NULL, 10.00, '2026-04-24', 6, 4),
(353, 13, 30, 'compo', NULL, 13.00, '2026-04-24', 6, 4),
(354, 14, 30, 'dev_hebdo', NULL, 5.00, '2026-04-24', 6, 4),
(355, 14, 30, 'mini_dev', NULL, 5.00, '2026-04-24', 6, 4),
(356, 14, 30, 'compo', NULL, 8.00, '2026-04-24', 6, 4),
(357, 15, 30, 'dev_hebdo', NULL, 5.00, '2026-04-24', 6, 4),
(358, 15, 30, 'mini_dev', NULL, 5.00, '2026-04-24', 6, 4),
(359, 15, 30, 'compo', NULL, 6.00, '2026-04-24', 6, 4),
(360, 16, 30, 'dev_hebdo', NULL, 10.00, '2026-04-24', 6, 4),
(361, 16, 30, 'mini_dev', NULL, 10.00, '2026-04-24', 6, 4),
(362, 16, 30, 'compo', NULL, 15.00, '2026-04-24', 6, 4),
(363, 18, 30, 'dev_hebdo', NULL, 5.00, '2026-04-24', 6, 4),
(364, 18, 30, 'mini_dev', NULL, 5.00, '2026-04-24', 6, 4),
(365, 18, 30, 'compo', NULL, 3.99, '2026-04-24', 6, 4),
(366, 9, 28, 'interro', 1, 19.00, '2026-04-24', 6, 4),
(367, 9, 28, 'interro', 2, 16.00, '2026-04-24', 6, 4),
(368, 9, 28, 'interro', 3, 12.00, '2026-04-24', 6, 4),
(369, 9, 28, 'compo', NULL, 10.00, '2026-04-24', 6, 4),
(370, 10, 28, 'interro', 1, 6.00, '2026-04-24', 6, 4),
(371, 10, 28, 'interro', 2, 10.00, '2026-04-24', 6, 4),
(372, 10, 28, 'mini_dev', NULL, 15.00, '2026-04-24', 6, 4),
(373, 11, 28, 'interro', 1, 18.00, '2026-04-24', 6, 4),
(374, 11, 28, 'interro', 2, 15.00, '2026-04-24', 6, 4),
(375, 11, 28, 'interro', 3, 15.00, '2026-04-24', 6, 4),
(376, 11, 28, 'dev_hebdo', NULL, 12.00, '2026-04-24', 6, 4),
(377, 11, 28, 'mini_dev', NULL, 12.00, '2026-04-24', 6, 4),
(378, 11, 28, 'compo', NULL, 14.00, '2026-04-24', 6, 4),
(379, 12, 28, 'interro', 1, 10.00, '2026-04-24', 6, 4),
(380, 12, 28, 'interro', 2, 16.00, '2026-04-24', 6, 4),
(381, 12, 28, 'interro', 3, 12.00, '2026-04-24', 6, 4),
(382, 12, 28, 'mini_dev', NULL, 10.00, '2026-04-24', 6, 4),
(383, 12, 28, 'compo', NULL, 8.00, '2026-04-24', 6, 4),
(384, 13, 28, 'interro', 1, 15.00, '2026-04-24', 6, 4),
(385, 13, 28, 'interro', 2, 11.00, '2026-04-24', 6, 4),
(386, 13, 28, 'interro', 3, 13.00, '2026-04-24', 6, 4),
(387, 13, 28, 'dev_hebdo', NULL, 12.00, '2026-04-24', 6, 4),
(388, 13, 28, 'mini_dev', NULL, 13.00, '2026-04-24', 6, 4),
(389, 13, 28, 'compo', NULL, 10.00, '2026-04-24', 6, 4),
(390, 14, 28, 'interro', 1, 19.00, '2026-04-24', 6, 4),
(391, 14, 28, 'interro', 2, 19.00, '2026-04-24', 6, 4),
(392, 14, 28, 'interro', 3, 19.00, '2026-04-24', 6, 4),
(393, 14, 28, 'dev_hebdo', NULL, 12.00, '2026-04-24', 6, 4),
(394, 14, 28, 'mini_dev', NULL, 17.00, '2026-04-24', 6, 4),
(395, 14, 28, 'compo', NULL, 15.00, '2026-04-24', 6, 4),
(396, 15, 28, 'interro', 1, 11.00, '2026-04-24', 6, 4),
(397, 15, 28, 'interro', 2, 19.00, '2026-04-24', 6, 4),
(398, 15, 28, 'interro', 3, 16.00, '2026-04-24', 6, 4),
(399, 15, 28, 'dev_hebdo', NULL, 15.00, '2026-04-24', 6, 4),
(400, 15, 28, 'mini_dev', NULL, 17.00, '2026-04-24', 6, 4),
(401, 15, 28, 'compo', NULL, 17.00, '2026-04-24', 6, 4),
(402, 16, 28, 'interro', 1, 18.00, '2026-04-24', 6, 4),
(403, 16, 28, 'interro', 2, 13.00, '2026-04-24', 6, 4),
(404, 16, 28, 'interro', 3, 8.00, '2026-04-24', 6, 4),
(405, 16, 28, 'dev_hebdo', NULL, 8.00, '2026-04-24', 6, 4),
(406, 16, 28, 'mini_dev', NULL, 15.00, '2026-04-24', 6, 4),
(407, 16, 28, 'compo', NULL, 12.00, '2026-04-24', 6, 4),
(408, 18, 28, 'interro', 1, 12.00, '2026-04-24', 6, 4),
(409, 18, 28, 'interro', 2, 4.00, '2026-04-24', 6, 4),
(410, 18, 28, 'interro', 3, 5.00, '2026-04-24', 6, 4),
(411, 18, 28, 'dev_hebdo', NULL, 5.00, '2026-04-24', 6, 4),
(412, 18, 28, 'mini_dev', NULL, 9.00, '2026-04-24', 6, 4),
(413, 18, 28, 'compo', NULL, 10.00, '2026-04-24', 6, 4),
(414, 9, 19, 'interro', 1, 1.00, '2026-04-24', 6, 4),
(415, 9, 19, 'interro', 2, 1.00, '2026-04-24', 6, 4),
(416, 9, 19, 'dev_hebdo', NULL, 1.00, '2026-04-24', 6, 4),
(417, 9, 19, 'mini_dev', NULL, 1.00, '2026-04-24', 6, 4),
(418, 9, 19, 'compo', NULL, 4.00, '2026-04-24', 6, 4),
(419, 10, 19, 'interro', 1, 3.00, '2026-04-24', 6, 4),
(420, 10, 19, 'interro', 2, 2.00, '2026-04-24', 6, 4),
(421, 10, 19, 'dev_hebdo', NULL, 3.00, '2026-04-24', 6, 4),
(422, 10, 19, 'mini_dev', NULL, 1.00, '2026-04-24', 6, 4),
(423, 10, 19, 'compo', NULL, 1.00, '2026-04-24', 6, 4),
(424, 11, 19, 'interro', 1, 1.00, '2026-04-24', 6, 4),
(425, 11, 19, 'interro', 2, 5.00, '2026-04-24', 6, 4),
(426, 11, 19, 'dev_hebdo', NULL, 7.00, '2026-04-24', 6, 4),
(427, 11, 19, 'mini_dev', NULL, 2.00, '2026-04-24', 6, 4),
(428, 11, 19, 'compo', NULL, 3.00, '2026-04-24', 6, 4),
(429, 12, 19, 'interro', 1, 10.00, '2026-04-24', 6, 4),
(430, 12, 19, 'interro', 2, 1.00, '2026-04-24', 6, 4),
(431, 12, 19, 'dev_hebdo', NULL, 3.00, '2026-04-24', 6, 4),
(432, 12, 19, 'mini_dev', NULL, 3.00, '2026-04-24', 6, 4),
(433, 12, 19, 'compo', NULL, 4.00, '2026-04-24', 6, 4),
(434, 13, 19, 'interro', 1, 3.50, '2026-04-24', 6, 4),
(435, 13, 19, 'interro', 2, 1.00, '2026-04-24', 6, 4),
(436, 13, 19, 'dev_hebdo', NULL, 7.00, '2026-04-24', 6, 4),
(437, 13, 19, 'mini_dev', NULL, 3.00, '2026-04-24', 6, 4),
(438, 13, 19, 'compo', NULL, 4.00, '2026-04-24', 6, 4),
(439, 14, 19, 'interro', 1, 10.00, '2026-04-24', 6, 4),
(440, 14, 19, 'interro', 2, 4.00, '2026-04-24', 6, 4),
(441, 14, 19, 'dev_hebdo', NULL, 1.00, '2026-04-24', 6, 4),
(442, 14, 19, 'mini_dev', NULL, 2.00, '2026-04-24', 6, 4),
(443, 14, 19, 'compo', NULL, 5.00, '2026-04-24', 6, 4),
(444, 15, 19, 'interro', 1, 11.00, '2026-04-24', 6, 4),
(445, 15, 19, 'interro', 2, 4.00, '2026-04-24', 6, 4),
(446, 15, 19, 'dev_hebdo', NULL, 1.00, '2026-04-24', 6, 4),
(447, 15, 19, 'mini_dev', NULL, 3.00, '2026-04-24', 6, 4),
(448, 15, 19, 'compo', NULL, 5.00, '2026-04-24', 6, 4),
(449, 16, 19, 'interro', 1, 13.99, '2026-04-24', 6, 4),
(450, 16, 19, 'interro', 2, 3.00, '2026-04-24', 6, 4),
(451, 16, 19, 'dev_hebdo', NULL, 6.00, '2026-04-24', 6, 4),
(452, 16, 19, 'mini_dev', NULL, 2.00, '2026-04-24', 6, 4),
(453, 16, 19, 'compo', NULL, 3.00, '2026-04-24', 6, 4),
(454, 18, 19, 'interro', 1, 5.00, '2026-04-24', 6, 4),
(455, 18, 19, 'interro', 2, 1.00, '2026-04-24', 6, 4),
(456, 18, 19, 'dev_hebdo', NULL, 3.00, '2026-04-24', 6, 4),
(457, 18, 19, 'mini_dev', NULL, 1.00, '2026-04-24', 6, 4),
(458, 18, 19, 'compo', NULL, 2.00, '2026-04-24', 6, 4),
(459, 9, 31, 'interro', 1, 1.00, '2026-04-24', 6, 4),
(460, 9, 31, 'interro', 2, 1.00, '2026-04-24', 6, 4),
(461, 9, 31, 'interro', 3, 1.00, '2026-04-24', 6, 4),
(462, 9, 31, 'mini_dev', NULL, 9.00, '2026-04-24', 6, 4),
(463, 9, 31, 'compo', NULL, 0.00, '2026-04-24', 6, 4),
(464, 10, 31, 'interro', 1, 1.00, '2026-04-24', 6, 4),
(465, 10, 31, 'interro', 2, 1.00, '2026-04-24', 6, 4),
(466, 10, 31, 'interro', 3, 1.00, '2026-04-24', 6, 4),
(467, 10, 31, 'mini_dev', NULL, 0.00, '2026-04-24', 6, 4),
(468, 10, 31, 'compo', NULL, 0.00, '2026-04-24', 6, 4),
(469, 11, 31, 'interro', 1, 1.00, '2026-04-24', 6, 4),
(470, 11, 31, 'interro', 2, 1.00, '2026-04-24', 6, 4),
(471, 11, 31, 'interro', 3, 1.00, '2026-04-24', 6, 4),
(472, 11, 31, 'mini_dev', NULL, 0.00, '2026-04-24', 6, 4),
(473, 11, 31, 'compo', NULL, 3.00, '2026-04-24', 6, 4),
(474, 12, 31, 'interro', 1, 1.00, '2026-04-24', 6, 4),
(475, 12, 31, 'interro', 2, 1.00, '2026-04-24', 6, 4),
(476, 12, 31, 'interro', 3, 1.00, '2026-04-24', 6, 4),
(477, 12, 31, 'mini_dev', NULL, 2.00, '2026-04-24', 6, 4),
(478, 12, 31, 'compo', NULL, 1.00, '2026-04-24', 6, 4),
(479, 13, 31, 'interro', 1, 4.00, '2026-04-24', 6, 4),
(480, 13, 31, 'interro', 2, 10.00, '2026-04-24', 6, 4),
(481, 13, 31, 'interro', 3, 13.00, '2026-04-24', 6, 4),
(482, 13, 31, 'mini_dev', NULL, 7.00, '2026-04-24', 6, 4),
(483, 13, 31, 'compo', NULL, 6.00, '2026-04-24', 6, 4),
(484, 14, 31, 'interro', 1, 4.00, '2026-04-24', 6, 4),
(485, 14, 31, 'interro', 2, 12.00, '2026-04-24', 6, 4),
(486, 14, 31, 'interro', 3, 15.00, '2026-04-24', 6, 4),
(487, 14, 31, 'mini_dev', NULL, 9.00, '2026-04-24', 6, 4),
(488, 14, 31, 'compo', NULL, 7.00, '2026-04-24', 6, 4),
(489, 15, 31, 'interro', 1, 5.00, '2026-04-24', 6, 4),
(490, 15, 31, 'interro', 2, 10.00, '2026-04-24', 6, 4),
(491, 15, 31, 'interro', 3, 13.00, '2026-04-24', 6, 4),
(492, 15, 31, 'mini_dev', NULL, 12.00, '2026-04-24', 6, 4),
(493, 15, 31, 'compo', NULL, 8.00, '2026-04-24', 6, 4),
(494, 16, 31, 'interro', 1, 7.00, '2026-04-24', 6, 4),
(495, 16, 31, 'interro', 2, 11.00, '2026-04-24', 6, 4),
(496, 16, 31, 'interro', 3, 13.00, '2026-04-24', 6, 4),
(497, 16, 31, 'mini_dev', NULL, 8.00, '2026-04-24', 6, 4),
(498, 16, 31, 'compo', NULL, 5.00, '2026-04-24', 6, 4),
(499, 17, 31, 'interro', 1, 1.00, '2026-04-24', 6, 4),
(500, 17, 31, 'interro', 2, 1.00, '2026-04-24', 6, 4),
(501, 17, 31, 'interro', 3, 1.00, '2026-04-24', 6, 4),
(502, 17, 31, 'mini_dev', NULL, 0.00, '2026-04-24', 6, 4),
(503, 17, 31, 'compo', NULL, 0.00, '2026-04-24', 6, 4),
(504, 18, 31, 'interro', 1, 1.00, '2026-04-24', 6, 4),
(505, 18, 31, 'interro', 2, 1.00, '2026-04-24', 6, 4),
(506, 18, 31, 'interro', 3, 1.00, '2026-04-24', 6, 4),
(507, 18, 31, 'mini_dev', NULL, 1.00, '2026-04-24', 6, 4),
(508, 18, 31, 'compo', NULL, 1.00, '2026-04-24', 6, 4),
(509, 9, 21, 'interro', 1, 6.00, '2026-04-24', 6, 4),
(510, 9, 21, 'interro', 2, 10.00, '2026-04-24', 6, 4),
(511, 9, 21, 'dev_hebdo', NULL, 9.00, '2026-04-24', 6, 4),
(512, 9, 21, 'mini_dev', NULL, 6.00, '2026-04-24', 6, 4),
(513, 10, 21, 'interro', 1, 10.00, '2026-04-24', 6, 4),
(514, 10, 21, 'interro', 2, 10.00, '2026-04-24', 6, 4),
(515, 10, 21, 'dev_hebdo', NULL, 10.00, '2026-04-24', 6, 4),
(516, 10, 21, 'mini_dev', NULL, 9.00, '2026-04-24', 6, 4),
(517, 11, 21, 'interro', 1, 10.00, '2026-04-24', 6, 4),
(518, 11, 21, 'interro', 2, 10.00, '2026-04-24', 6, 4),
(519, 11, 21, 'mini_dev', NULL, 7.00, '2026-04-24', 6, 4),
(520, 11, 21, 'compo', NULL, 4.00, '2026-04-24', 6, 4),
(521, 12, 21, 'interro', 1, 10.00, '2026-04-24', 6, 4),
(522, 12, 21, 'interro', 2, 10.00, '2026-04-24', 6, 4),
(523, 12, 21, 'mini_dev', NULL, 5.00, '2026-04-24', 6, 4),
(524, 13, 21, 'interro', 1, 11.00, '2026-04-24', 6, 4),
(525, 13, 21, 'interro', 2, 10.00, '2026-04-24', 6, 4),
(526, 13, 21, 'mini_dev', NULL, 9.00, '2026-04-24', 6, 4),
(527, 13, 21, 'compo', NULL, 10.00, '2026-04-24', 6, 4),
(528, 14, 21, 'interro', 1, 11.00, '2026-04-24', 6, 4),
(529, 14, 21, 'interro', 2, 10.00, '2026-04-24', 6, 4),
(530, 14, 21, 'dev_hebdo', NULL, 12.00, '2026-04-24', 6, 4),
(531, 14, 21, 'mini_dev', NULL, 8.00, '2026-04-24', 6, 4),
(532, 15, 21, 'interro', 1, 10.00, '2026-04-24', 6, 4),
(533, 15, 21, 'interro', 2, 10.00, '2026-04-24', 6, 4),
(534, 15, 21, 'dev_hebdo', NULL, 10.00, '2026-04-24', 6, 4),
(535, 15, 21, 'mini_dev', NULL, 6.00, '2026-04-24', 6, 4),
(536, 16, 21, 'interro', 1, 11.00, '2026-04-24', 6, 4),
(537, 16, 21, 'interro', 2, 10.00, '2026-04-24', 6, 4),
(538, 16, 21, 'dev_hebdo', NULL, 12.00, '2026-04-24', 6, 4),
(539, 16, 21, 'mini_dev', NULL, 8.00, '2026-04-24', 6, 4),
(540, 16, 21, 'compo', NULL, 11.00, '2026-04-24', 6, 4),
(541, 18, 21, 'interro', 1, 11.00, '2026-04-24', 6, 4),
(542, 18, 21, 'interro', 2, 10.00, '2026-04-24', 6, 4),
(543, 18, 21, 'mini_dev', NULL, 2.00, '2026-04-24', 6, 4),
(544, 18, 21, 'compo', NULL, 2.00, '2026-04-24', 6, 4),
(545, 9, 17, 'interro', 1, 8.00, '2026-04-24', 6, 4),
(546, 9, 17, 'interro', 2, 8.00, '2026-04-24', 6, 4),
(547, 9, 17, 'mini_dev', NULL, 8.00, '2026-04-24', 6, 4),
(548, 9, 17, 'compo', NULL, 8.00, '2026-04-24', 6, 4),
(549, 10, 17, 'interro', 1, 8.00, '2026-04-24', 6, 4),
(550, 10, 17, 'interro', 2, 8.00, '2026-04-24', 6, 4),
(551, 10, 17, 'mini_dev', NULL, 6.00, '2026-04-24', 6, 4),
(552, 10, 17, 'compo', NULL, 0.00, '2026-04-24', 6, 4),
(553, 11, 17, 'interro', 1, 8.00, '2026-04-24', 6, 4),
(554, 11, 17, 'interro', 2, 10.00, '2026-04-24', 6, 4),
(555, 11, 17, 'mini_dev', NULL, 10.00, '2026-04-24', 6, 4),
(556, 11, 17, 'compo', NULL, 11.00, '2026-04-24', 6, 4),
(557, 12, 17, 'interro', 1, 11.00, '2026-04-24', 6, 4),
(558, 12, 17, 'interro', 2, 8.00, '2026-04-24', 6, 4),
(559, 12, 17, 'mini_dev', NULL, 8.00, '2026-04-24', 6, 4),
(560, 12, 17, 'compo', NULL, 7.00, '2026-04-24', 6, 4),
(561, 13, 17, 'interro', 1, 12.00, '2026-04-24', 6, 4),
(562, 13, 17, 'interro', 2, 8.00, '2026-04-24', 6, 4),
(563, 13, 17, 'mini_dev', NULL, 11.00, '2026-04-24', 6, 4),
(564, 13, 17, 'compo', NULL, 10.00, '2026-04-24', 6, 4),
(565, 14, 17, 'interro', 1, 13.00, '2026-04-24', 6, 4),
(566, 14, 17, 'interro', 2, 10.00, '2026-04-24', 6, 4),
(567, 14, 17, 'mini_dev', NULL, 10.00, '2026-04-24', 6, 4),
(568, 14, 17, 'compo', NULL, 12.00, '2026-04-24', 6, 4),
(569, 15, 17, 'interro', 1, 13.00, '2026-04-24', 6, 4),
(570, 15, 17, 'interro', 2, 8.00, '2026-04-24', 6, 4),
(571, 15, 17, 'mini_dev', NULL, 10.00, '2026-04-24', 6, 4),
(572, 15, 17, 'compo', NULL, 8.00, '2026-04-24', 6, 4),
(573, 16, 17, 'interro', 1, 14.00, '2026-04-24', 6, 4),
(574, 16, 17, 'interro', 2, 12.00, '2026-04-24', 6, 4),
(575, 16, 17, 'interro', 3, 14.00, '2026-04-24', 6, 4),
(576, 16, 17, 'interro', 4, 11.00, '2026-04-24', 6, 4),
(577, 16, 17, 'mini_dev', NULL, 7.00, '2026-04-24', 6, 4),
(578, 16, 17, 'compo', NULL, 12.00, '2026-04-24', 6, 4),
(579, 18, 17, 'interro', 3, 10.00, '2026-04-24', 6, 4),
(580, 18, 17, 'interro', 4, 6.00, '2026-04-24', 6, 4),
(581, 18, 17, 'mini_dev', NULL, 6.00, '2026-04-24', 6, 4),
(582, 18, 17, 'compo', NULL, 4.00, '2026-04-24', 6, 4),
(583, 10, 20, 'interro', 1, 12.00, '2026-04-24', 6, 4),
(584, 10, 20, 'interro', 2, 17.00, '2026-04-24', 6, 4),
(585, 10, 20, 'dev_hebdo', NULL, 12.00, '2026-04-24', 6, 4),
(586, 10, 20, 'mini_dev', NULL, 6.00, '2026-04-24', 6, 4),
(587, 12, 20, 'interro', 1, 14.00, '2026-04-24', 6, 4),
(588, 12, 20, 'interro', 2, 16.00, '2026-04-24', 6, 4),
(589, 12, 20, 'dev_hebdo', NULL, 12.00, '2026-04-24', 6, 4),
(590, 12, 20, 'mini_dev', NULL, 6.00, '2026-04-24', 6, 4),
(591, 12, 20, 'compo', NULL, 11.50, '2026-04-24', 6, 4),
(592, 14, 20, 'interro', 1, 14.00, '2026-04-24', 6, 4),
(593, 14, 20, 'interro', 2, 16.00, '2026-04-24', 6, 4),
(594, 14, 20, 'dev_hebdo', NULL, 14.00, '2026-04-24', 6, 4),
(595, 14, 20, 'mini_dev', NULL, 7.00, '2026-04-24', 6, 4),
(596, 14, 20, 'compo', NULL, 7.00, '2026-04-24', 6, 4),
(597, 15, 20, 'interro', 1, 14.00, '2026-04-24', 6, 4),
(598, 15, 20, 'interro', 2, 17.00, '2026-04-24', 6, 4),
(599, 16, 20, 'interro', 1, 14.00, '2026-04-24', 6, 4),
(600, 16, 20, 'interro', 2, 18.00, '2026-04-24', 6, 4),
(601, 16, 20, 'dev_hebdo', NULL, 14.00, '2026-04-24', 6, 4),
(602, 16, 20, 'mini_dev', NULL, 7.00, '2026-04-24', 6, 4),
(603, 16, 20, 'compo', NULL, 10.00, '2026-04-24', 6, 4),
(604, 18, 20, 'interro', 1, 13.00, '2026-04-24', 6, 4),
(605, 18, 20, 'interro', 2, 16.00, '2026-04-24', 6, 4),
(606, 18, 20, 'dev_hebdo', NULL, 4.00, '2026-04-24', 6, 4),
(607, 18, 20, 'mini_dev', NULL, 2.00, '2026-04-24', 6, 4),
(608, 18, 20, 'compo', NULL, 4.00, '2026-04-24', 6, 4);

-- --------------------------------------------------------

--
-- Structure de la table `parametres`
--

CREATE TABLE `parametres` (
  `id` int(11) NOT NULL,
  `cle` varchar(50) DEFAULT NULL,
  `valeur` varchar(255) DEFAULT NULL
) ENGINE=InnoDB DEFAULT CHARSET=utf8mb4 COLLATE=utf8mb4_general_ci;

-- --------------------------------------------------------

--
-- Structure de la table `trimestres`
--

CREATE TABLE `trimestres` (
  `id` int(11) NOT NULL,
  `nom` varchar(30) NOT NULL,
  `ordre` int(11) NOT NULL,
  `annee_id` int(11) NOT NULL,
  `actif` tinyint(1) DEFAULT 0
) ENGINE=InnoDB DEFAULT CHARSET=utf8mb4 COLLATE=utf8mb4_general_ci;

--
-- Déchargement des données de la table `trimestres`
--

INSERT INTO `trimestres` (`id`, `nom`, `ordre`, `annee_id`, `actif`) VALUES
(5, 'Trimestre 1', 1, 4, 0),
(6, 'Trimestre 2', 2, 4, 1),
(7, 'Trimestre 3', 3, 4, 0);

-- --------------------------------------------------------

--
-- Structure de la table `utilisateurs`
--

CREATE TABLE `utilisateurs` (
  `id` int(11) NOT NULL,
  `username` varchar(50) NOT NULL,
  `mot_de_passe` varchar(255) NOT NULL,
  `role` enum('admin','professeur') DEFAULT 'professeur',
  `date_creation` timestamp NOT NULL DEFAULT current_timestamp()
) ENGINE=InnoDB DEFAULT CHARSET=utf8mb4 COLLATE=utf8mb4_general_ci;

--
-- Déchargement des données de la table `utilisateurs`
--

INSERT INTO `utilisateurs` (`id`, `username`, `mot_de_passe`, `role`, `date_creation`) VALUES
(1, 'admin', '$2y$10$DRiMzqmxbXIPDDClJXOte.usRDBx8IV2Hjkr6ty6T5MqSLlKL7Qvq', 'admin', '2025-12-30 09:05:50');

--
-- Index pour les tables déchargées
--

--
-- Index pour la table `annees_scolaires`
--
ALTER TABLE `annees_scolaires`
  ADD PRIMARY KEY (`id`);

--
-- Index pour la table `classes`
--
ALTER TABLE `classes`
  ADD PRIMARY KEY (`id`);

--
-- Index pour la table `classe_matiere`
--
ALTER TABLE `classe_matiere`
  ADD PRIMARY KEY (`id`),
  ADD UNIQUE KEY `unique_classe_matiere` (`classe_id`,`matiere_id`),
  ADD KEY `matiere_id` (`matiere_id`);

--
-- Index pour la table `eleves`
--
ALTER TABLE `eleves`
  ADD PRIMARY KEY (`id`),
  ADD UNIQUE KEY `matricule` (`matricule`),
  ADD KEY `classe_id` (`classe_id`);

--
-- Index pour la table `matieres`
--
ALTER TABLE `matieres`
  ADD PRIMARY KEY (`id`);

--
-- Index pour la table `notes`
--
ALTER TABLE `notes`
  ADD PRIMARY KEY (`id`),
  ADD KEY `eleve_id` (`eleve_id`),
  ADD KEY `matiere_id` (`matiere_id`),
  ADD KEY `trimestre_id` (`trimestre_id`),
  ADD KEY `annee_id` (`annee_id`);

--
-- Index pour la table `parametres`
--
ALTER TABLE `parametres`
  ADD PRIMARY KEY (`id`),
  ADD UNIQUE KEY `cle` (`cle`);

--
-- Index pour la table `trimestres`
--
ALTER TABLE `trimestres`
  ADD PRIMARY KEY (`id`),
  ADD KEY `annee_id` (`annee_id`);

--
-- Index pour la table `utilisateurs`
--
ALTER TABLE `utilisateurs`
  ADD PRIMARY KEY (`id`),
  ADD UNIQUE KEY `nom_utilisateur` (`username`);

--
-- AUTO_INCREMENT pour les tables déchargées
--

--
-- AUTO_INCREMENT pour la table `annees_scolaires`
--
ALTER TABLE `annees_scolaires`
  MODIFY `id` int(11) NOT NULL AUTO_INCREMENT, AUTO_INCREMENT=5;

--
-- AUTO_INCREMENT pour la table `classes`
--
ALTER TABLE `classes`
  MODIFY `id` int(11) NOT NULL AUTO_INCREMENT, AUTO_INCREMENT=8;

--
-- AUTO_INCREMENT pour la table `classe_matiere`
--
ALTER TABLE `classe_matiere`
  MODIFY `id` int(11) NOT NULL AUTO_INCREMENT, AUTO_INCREMENT=26;

--
-- AUTO_INCREMENT pour la table `eleves`
--
ALTER TABLE `eleves`
  MODIFY `id` int(11) NOT NULL AUTO_INCREMENT, AUTO_INCREMENT=19;

--
-- AUTO_INCREMENT pour la table `matieres`
--
ALTER TABLE `matieres`
  MODIFY `id` int(11) NOT NULL AUTO_INCREMENT, AUTO_INCREMENT=34;

--
-- AUTO_INCREMENT pour la table `notes`
--
ALTER TABLE `notes`
  MODIFY `id` int(11) NOT NULL AUTO_INCREMENT, AUTO_INCREMENT=609;

--
-- AUTO_INCREMENT pour la table `parametres`
--
ALTER TABLE `parametres`
  MODIFY `id` int(11) NOT NULL AUTO_INCREMENT;

--
-- AUTO_INCREMENT pour la table `trimestres`
--
ALTER TABLE `trimestres`
  MODIFY `id` int(11) NOT NULL AUTO_INCREMENT, AUTO_INCREMENT=8;

--
-- AUTO_INCREMENT pour la table `utilisateurs`
--
ALTER TABLE `utilisateurs`
  MODIFY `id` int(11) NOT NULL AUTO_INCREMENT, AUTO_INCREMENT=2;

--
-- Contraintes pour les tables déchargées
--

--
-- Contraintes pour la table `classe_matiere`
--
ALTER TABLE `classe_matiere`
  ADD CONSTRAINT `classe_matiere_ibfk_1` FOREIGN KEY (`classe_id`) REFERENCES `classes` (`id`) ON DELETE CASCADE,
  ADD CONSTRAINT `classe_matiere_ibfk_2` FOREIGN KEY (`matiere_id`) REFERENCES `matieres` (`id`) ON DELETE CASCADE;

--
-- Contraintes pour la table `eleves`
--
ALTER TABLE `eleves`
  ADD CONSTRAINT `eleves_ibfk_1` FOREIGN KEY (`classe_id`) REFERENCES `classes` (`id`);

--
-- Contraintes pour la table `notes`
--
ALTER TABLE `notes`
  ADD CONSTRAINT `notes_ibfk_1` FOREIGN KEY (`eleve_id`) REFERENCES `eleves` (`id`),
  ADD CONSTRAINT `notes_ibfk_2` FOREIGN KEY (`matiere_id`) REFERENCES `matieres` (`id`),
  ADD CONSTRAINT `notes_ibfk_3` FOREIGN KEY (`trimestre_id`) REFERENCES `trimestres` (`id`),
  ADD CONSTRAINT `notes_ibfk_4` FOREIGN KEY (`annee_id`) REFERENCES `annees_scolaires` (`id`);

--
-- Contraintes pour la table `trimestres`
--
ALTER TABLE `trimestres`
  ADD CONSTRAINT `trimestres_ibfk_1` FOREIGN KEY (`annee_id`) REFERENCES `annees_scolaires` (`id`);
COMMIT;

/*!40101 SET CHARACTER_SET_CLIENT=@OLD_CHARACTER_SET_CLIENT */;
/*!40101 SET CHARACTER_SET_RESULTS=@OLD_CHARACTER_SET_RESULTS */;
/*!40101 SET COLLATION_CONNECTION=@OLD_COLLATION_CONNECTION */;
